"","Store","date","demand","day"
"1","Countdown Airport",2021-06-14,5,"Monday"
"2","Countdown Airport",2021-06-15,6,"Tuesday"
"3","Countdown Airport",2021-06-16,10,"Wednesday"
"4","Countdown Airport",2021-06-17,11,"Thursday"
"5","Countdown Airport",2021-06-18,7,"Friday"
"6","Countdown Airport",2021-06-19,5,"Saturday"
"7","Countdown Airport",2021-06-20,0,"Sunday"
"8","Countdown Airport",2021-06-21,7,"Monday"
"9","Countdown Airport",2021-06-22,8,"Tuesday"
"10","Countdown Airport",2021-06-23,5,"Wednesday"
"11","Countdown Airport",2021-06-24,8,"Thursday"
"12","Countdown Airport",2021-06-25,3,"Friday"
"13","Countdown Airport",2021-06-26,5,"Saturday"
"14","Countdown Airport",2021-06-27,0,"Sunday"
"15","Countdown Airport",2021-06-28,6,"Monday"
"16","Countdown Airport",2021-06-29,10,"Tuesday"
"17","Countdown Airport",2021-06-30,5,"Wednesday"
"18","Countdown Airport",2021-07-01,6,"Thursday"
"19","Countdown Airport",2021-07-02,7,"Friday"
"20","Countdown Airport",2021-07-03,6,"Saturday"
"21","Countdown Airport",2021-07-04,0,"Sunday"
"22","Countdown Airport",2021-07-05,8,"Monday"
"23","Countdown Airport",2021-07-06,6,"Tuesday"
"24","Countdown Airport",2021-07-07,8,"Wednesday"
"25","Countdown Airport",2021-07-08,9,"Thursday"
"26","Countdown Airport",2021-07-09,7,"Friday"
"27","Countdown Airport",2021-07-10,3,"Saturday"
"28","Countdown Airport",2021-07-11,0,"Sunday"
"29","Countdown Auckland City",2021-06-14,6,"Monday"
"30","Countdown Auckland City",2021-06-15,8,"Tuesday"
"31","Countdown Auckland City",2021-06-16,5,"Wednesday"
"32","Countdown Auckland City",2021-06-17,8,"Thursday"
"33","Countdown Auckland City",2021-06-18,8,"Friday"
"34","Countdown Auckland City",2021-06-19,2,"Saturday"
"35","Countdown Auckland City",2021-06-20,0,"Sunday"
"36","Countdown Auckland City",2021-06-21,8,"Monday"
"37","Countdown Auckland City",2021-06-22,8,"Tuesday"
"38","Countdown Auckland City",2021-06-23,13,"Wednesday"
"39","Countdown Auckland City",2021-06-24,11,"Thursday"
"40","Countdown Auckland City",2021-06-25,8,"Friday"
"41","Countdown Auckland City",2021-06-26,4,"Saturday"
"42","Countdown Auckland City",2021-06-27,0,"Sunday"
"43","Countdown Auckland City",2021-06-28,6,"Monday"
"44","Countdown Auckland City",2021-06-29,8,"Tuesday"
"45","Countdown Auckland City",2021-06-30,9,"Wednesday"
"46","Countdown Auckland City",2021-07-01,10,"Thursday"
"47","Countdown Auckland City",2021-07-02,6,"Friday"
"48","Countdown Auckland City",2021-07-03,3,"Saturday"
"49","Countdown Auckland City",2021-07-04,0,"Sunday"
"50","Countdown Auckland City",2021-07-05,11,"Monday"
"51","Countdown Auckland City",2021-07-06,7,"Tuesday"
"52","Countdown Auckland City",2021-07-07,7,"Wednesday"
"53","Countdown Auckland City",2021-07-08,9,"Thursday"
"54","Countdown Auckland City",2021-07-09,5,"Friday"
"55","Countdown Auckland City",2021-07-10,5,"Saturday"
"56","Countdown Auckland City",2021-07-11,0,"Sunday"
"57","Countdown Aviemore Drive",2021-06-14,9,"Monday"
"58","Countdown Aviemore Drive",2021-06-15,9,"Tuesday"
"59","Countdown Aviemore Drive",2021-06-16,8,"Wednesday"
"60","Countdown Aviemore Drive",2021-06-17,7,"Thursday"
"61","Countdown Aviemore Drive",2021-06-18,14,"Friday"
"62","Countdown Aviemore Drive",2021-06-19,4,"Saturday"
"63","Countdown Aviemore Drive",2021-06-20,0,"Sunday"
"64","Countdown Aviemore Drive",2021-06-21,6,"Monday"
"65","Countdown Aviemore Drive",2021-06-22,10,"Tuesday"
"66","Countdown Aviemore Drive",2021-06-23,6,"Wednesday"
"67","Countdown Aviemore Drive",2021-06-24,5,"Thursday"
"68","Countdown Aviemore Drive",2021-06-25,6,"Friday"
"69","Countdown Aviemore Drive",2021-06-26,4,"Saturday"
"70","Countdown Aviemore Drive",2021-06-27,0,"Sunday"
"71","Countdown Aviemore Drive",2021-06-28,8,"Monday"
"72","Countdown Aviemore Drive",2021-06-29,8,"Tuesday"
"73","Countdown Aviemore Drive",2021-06-30,10,"Wednesday"
"74","Countdown Aviemore Drive",2021-07-01,3,"Thursday"
"75","Countdown Aviemore Drive",2021-07-02,10,"Friday"
"76","Countdown Aviemore Drive",2021-07-03,6,"Saturday"
"77","Countdown Aviemore Drive",2021-07-04,0,"Sunday"
"78","Countdown Aviemore Drive",2021-07-05,7,"Monday"
"79","Countdown Aviemore Drive",2021-07-06,9,"Tuesday"
"80","Countdown Aviemore Drive",2021-07-07,4,"Wednesday"
"81","Countdown Aviemore Drive",2021-07-08,6,"Thursday"
"82","Countdown Aviemore Drive",2021-07-09,9,"Friday"
"83","Countdown Aviemore Drive",2021-07-10,2,"Saturday"
"84","Countdown Aviemore Drive",2021-07-11,0,"Sunday"
"85","Countdown Birkenhead",2021-06-14,9,"Monday"
"86","Countdown Birkenhead",2021-06-15,4,"Tuesday"
"87","Countdown Birkenhead",2021-06-16,8,"Wednesday"
"88","Countdown Birkenhead",2021-06-17,10,"Thursday"
"89","Countdown Birkenhead",2021-06-18,7,"Friday"
"90","Countdown Birkenhead",2021-06-19,5,"Saturday"
"91","Countdown Birkenhead",2021-06-20,0,"Sunday"
"92","Countdown Birkenhead",2021-06-21,5,"Monday"
"93","Countdown Birkenhead",2021-06-22,6,"Tuesday"
"94","Countdown Birkenhead",2021-06-23,12,"Wednesday"
"95","Countdown Birkenhead",2021-06-24,10,"Thursday"
"96","Countdown Birkenhead",2021-06-25,11,"Friday"
"97","Countdown Birkenhead",2021-06-26,2,"Saturday"
"98","Countdown Birkenhead",2021-06-27,0,"Sunday"
"99","Countdown Birkenhead",2021-06-28,7,"Monday"
"100","Countdown Birkenhead",2021-06-29,5,"Tuesday"
"101","Countdown Birkenhead",2021-06-30,10,"Wednesday"
"102","Countdown Birkenhead",2021-07-01,10,"Thursday"
"103","Countdown Birkenhead",2021-07-02,7,"Friday"
"104","Countdown Birkenhead",2021-07-03,6,"Saturday"
"105","Countdown Birkenhead",2021-07-04,0,"Sunday"
"106","Countdown Birkenhead",2021-07-05,9,"Monday"
"107","Countdown Birkenhead",2021-07-06,9,"Tuesday"
"108","Countdown Birkenhead",2021-07-07,5,"Wednesday"
"109","Countdown Birkenhead",2021-07-08,4,"Thursday"
"110","Countdown Birkenhead",2021-07-09,12,"Friday"
"111","Countdown Birkenhead",2021-07-10,4,"Saturday"
"112","Countdown Birkenhead",2021-07-11,0,"Sunday"
"113","Countdown Blockhouse Bay",2021-06-14,6,"Monday"
"114","Countdown Blockhouse Bay",2021-06-15,8,"Tuesday"
"115","Countdown Blockhouse Bay",2021-06-16,7,"Wednesday"
"116","Countdown Blockhouse Bay",2021-06-17,6,"Thursday"
"117","Countdown Blockhouse Bay",2021-06-18,6,"Friday"
"118","Countdown Blockhouse Bay",2021-06-19,2,"Saturday"
"119","Countdown Blockhouse Bay",2021-06-20,0,"Sunday"
"120","Countdown Blockhouse Bay",2021-06-21,9,"Monday"
"121","Countdown Blockhouse Bay",2021-06-22,4,"Tuesday"
"122","Countdown Blockhouse Bay",2021-06-23,8,"Wednesday"
"123","Countdown Blockhouse Bay",2021-06-24,10,"Thursday"
"124","Countdown Blockhouse Bay",2021-06-25,9,"Friday"
"125","Countdown Blockhouse Bay",2021-06-26,2,"Saturday"
"126","Countdown Blockhouse Bay",2021-06-27,0,"Sunday"
"127","Countdown Blockhouse Bay",2021-06-28,6,"Monday"
"128","Countdown Blockhouse Bay",2021-06-29,7,"Tuesday"
"129","Countdown Blockhouse Bay",2021-06-30,9,"Wednesday"
"130","Countdown Blockhouse Bay",2021-07-01,9,"Thursday"
"131","Countdown Blockhouse Bay",2021-07-02,7,"Friday"
"132","Countdown Blockhouse Bay",2021-07-03,3,"Saturday"
"133","Countdown Blockhouse Bay",2021-07-04,0,"Sunday"
"134","Countdown Blockhouse Bay",2021-07-05,8,"Monday"
"135","Countdown Blockhouse Bay",2021-07-06,8,"Tuesday"
"136","Countdown Blockhouse Bay",2021-07-07,4,"Wednesday"
"137","Countdown Blockhouse Bay",2021-07-08,10,"Thursday"
"138","Countdown Blockhouse Bay",2021-07-09,3,"Friday"
"139","Countdown Blockhouse Bay",2021-07-10,2,"Saturday"
"140","Countdown Blockhouse Bay",2021-07-11,0,"Sunday"
"141","Countdown Botany Downs",2021-06-14,9,"Monday"
"142","Countdown Botany Downs",2021-06-15,11,"Tuesday"
"143","Countdown Botany Downs",2021-06-16,7,"Wednesday"
"144","Countdown Botany Downs",2021-06-17,11,"Thursday"
"145","Countdown Botany Downs",2021-06-18,9,"Friday"
"146","Countdown Botany Downs",2021-06-19,2,"Saturday"
"147","Countdown Botany Downs",2021-06-20,0,"Sunday"
"148","Countdown Botany Downs",2021-06-21,8,"Monday"
"149","Countdown Botany Downs",2021-06-22,8,"Tuesday"
"150","Countdown Botany Downs",2021-06-23,10,"Wednesday"
"151","Countdown Botany Downs",2021-06-24,9,"Thursday"
"152","Countdown Botany Downs",2021-06-25,8,"Friday"
"153","Countdown Botany Downs",2021-06-26,4,"Saturday"
"154","Countdown Botany Downs",2021-06-27,0,"Sunday"
"155","Countdown Botany Downs",2021-06-28,7,"Monday"
"156","Countdown Botany Downs",2021-06-29,7,"Tuesday"
"157","Countdown Botany Downs",2021-06-30,8,"Wednesday"
"158","Countdown Botany Downs",2021-07-01,8,"Thursday"
"159","Countdown Botany Downs",2021-07-02,6,"Friday"
"160","Countdown Botany Downs",2021-07-03,3,"Saturday"
"161","Countdown Botany Downs",2021-07-04,0,"Sunday"
"162","Countdown Botany Downs",2021-07-05,11,"Monday"
"163","Countdown Botany Downs",2021-07-06,6,"Tuesday"
"164","Countdown Botany Downs",2021-07-07,8,"Wednesday"
"165","Countdown Botany Downs",2021-07-08,9,"Thursday"
"166","Countdown Botany Downs",2021-07-09,4,"Friday"
"167","Countdown Botany Downs",2021-07-10,5,"Saturday"
"168","Countdown Botany Downs",2021-07-11,0,"Sunday"
"169","Countdown Browns Bay",2021-06-14,14,"Monday"
"170","Countdown Browns Bay",2021-06-15,11,"Tuesday"
"171","Countdown Browns Bay",2021-06-16,6,"Wednesday"
"172","Countdown Browns Bay",2021-06-17,8,"Thursday"
"173","Countdown Browns Bay",2021-06-18,14,"Friday"
"174","Countdown Browns Bay",2021-06-19,2,"Saturday"
"175","Countdown Browns Bay",2021-06-20,0,"Sunday"
"176","Countdown Browns Bay",2021-06-21,6,"Monday"
"177","Countdown Browns Bay",2021-06-22,5,"Tuesday"
"178","Countdown Browns Bay",2021-06-23,10,"Wednesday"
"179","Countdown Browns Bay",2021-06-24,9,"Thursday"
"180","Countdown Browns Bay",2021-06-25,6,"Friday"
"181","Countdown Browns Bay",2021-06-26,4,"Saturday"
"182","Countdown Browns Bay",2021-06-27,0,"Sunday"
"183","Countdown Browns Bay",2021-06-28,10,"Monday"
"184","Countdown Browns Bay",2021-06-29,3,"Tuesday"
"185","Countdown Browns Bay",2021-06-30,5,"Wednesday"
"186","Countdown Browns Bay",2021-07-01,7,"Thursday"
"187","Countdown Browns Bay",2021-07-02,12,"Friday"
"188","Countdown Browns Bay",2021-07-03,6,"Saturday"
"189","Countdown Browns Bay",2021-07-04,0,"Sunday"
"190","Countdown Browns Bay",2021-07-05,9,"Monday"
"191","Countdown Browns Bay",2021-07-06,5,"Tuesday"
"192","Countdown Browns Bay",2021-07-07,7,"Wednesday"
"193","Countdown Browns Bay",2021-07-08,7,"Thursday"
"194","Countdown Browns Bay",2021-07-09,9,"Friday"
"195","Countdown Browns Bay",2021-07-10,5,"Saturday"
"196","Countdown Browns Bay",2021-07-11,0,"Sunday"
"197","Countdown Glenfield",2021-06-14,8,"Monday"
"198","Countdown Glenfield",2021-06-15,4,"Tuesday"
"199","Countdown Glenfield",2021-06-16,8,"Wednesday"
"200","Countdown Glenfield",2021-06-17,3,"Thursday"
"201","Countdown Glenfield",2021-06-18,4,"Friday"
"202","Countdown Glenfield",2021-06-19,6,"Saturday"
"203","Countdown Glenfield",2021-06-20,0,"Sunday"
"204","Countdown Glenfield",2021-06-21,10,"Monday"
"205","Countdown Glenfield",2021-06-22,6,"Tuesday"
"206","Countdown Glenfield",2021-06-23,7,"Wednesday"
"207","Countdown Glenfield",2021-06-24,8,"Thursday"
"208","Countdown Glenfield",2021-06-25,7,"Friday"
"209","Countdown Glenfield",2021-06-26,3,"Saturday"
"210","Countdown Glenfield",2021-06-27,0,"Sunday"
"211","Countdown Glenfield",2021-06-28,6,"Monday"
"212","Countdown Glenfield",2021-06-29,8,"Tuesday"
"213","Countdown Glenfield",2021-06-30,10,"Wednesday"
"214","Countdown Glenfield",2021-07-01,5,"Thursday"
"215","Countdown Glenfield",2021-07-02,5,"Friday"
"216","Countdown Glenfield",2021-07-03,6,"Saturday"
"217","Countdown Glenfield",2021-07-04,0,"Sunday"
"218","Countdown Glenfield",2021-07-05,9,"Monday"
"219","Countdown Glenfield",2021-07-06,9,"Tuesday"
"220","Countdown Glenfield",2021-07-07,11,"Wednesday"
"221","Countdown Glenfield",2021-07-08,7,"Thursday"
"222","Countdown Glenfield",2021-07-09,6,"Friday"
"223","Countdown Glenfield",2021-07-10,3,"Saturday"
"224","Countdown Glenfield",2021-07-11,0,"Sunday"
"225","Countdown Greenlane",2021-06-14,10,"Monday"
"226","Countdown Greenlane",2021-06-15,10,"Tuesday"
"227","Countdown Greenlane",2021-06-16,13,"Wednesday"
"228","Countdown Greenlane",2021-06-17,7,"Thursday"
"229","Countdown Greenlane",2021-06-18,9,"Friday"
"230","Countdown Greenlane",2021-06-19,4,"Saturday"
"231","Countdown Greenlane",2021-06-20,0,"Sunday"
"232","Countdown Greenlane",2021-06-21,5,"Monday"
"233","Countdown Greenlane",2021-06-22,12,"Tuesday"
"234","Countdown Greenlane",2021-06-23,8,"Wednesday"
"235","Countdown Greenlane",2021-06-24,9,"Thursday"
"236","Countdown Greenlane",2021-06-25,11,"Friday"
"237","Countdown Greenlane",2021-06-26,4,"Saturday"
"238","Countdown Greenlane",2021-06-27,0,"Sunday"
"239","Countdown Greenlane",2021-06-28,8,"Monday"
"240","Countdown Greenlane",2021-06-29,12,"Tuesday"
"241","Countdown Greenlane",2021-06-30,6,"Wednesday"
"242","Countdown Greenlane",2021-07-01,5,"Thursday"
"243","Countdown Greenlane",2021-07-02,10,"Friday"
"244","Countdown Greenlane",2021-07-03,2,"Saturday"
"245","Countdown Greenlane",2021-07-04,0,"Sunday"
"246","Countdown Greenlane",2021-07-05,8,"Monday"
"247","Countdown Greenlane",2021-07-06,6,"Tuesday"
"248","Countdown Greenlane",2021-07-07,10,"Wednesday"
"249","Countdown Greenlane",2021-07-08,3,"Thursday"
"250","Countdown Greenlane",2021-07-09,5,"Friday"
"251","Countdown Greenlane",2021-07-10,4,"Saturday"
"252","Countdown Greenlane",2021-07-11,0,"Sunday"
"253","Countdown Grey Lynn",2021-06-14,11,"Monday"
"254","Countdown Grey Lynn",2021-06-15,9,"Tuesday"
"255","Countdown Grey Lynn",2021-06-16,9,"Wednesday"
"256","Countdown Grey Lynn",2021-06-17,7,"Thursday"
"257","Countdown Grey Lynn",2021-06-18,5,"Friday"
"258","Countdown Grey Lynn",2021-06-19,2,"Saturday"
"259","Countdown Grey Lynn",2021-06-20,0,"Sunday"
"260","Countdown Grey Lynn",2021-06-21,7,"Monday"
"261","Countdown Grey Lynn",2021-06-22,7,"Tuesday"
"262","Countdown Grey Lynn",2021-06-23,10,"Wednesday"
"263","Countdown Grey Lynn",2021-06-24,4,"Thursday"
"264","Countdown Grey Lynn",2021-06-25,12,"Friday"
"265","Countdown Grey Lynn",2021-06-26,3,"Saturday"
"266","Countdown Grey Lynn",2021-06-27,0,"Sunday"
"267","Countdown Grey Lynn",2021-06-28,8,"Monday"
"268","Countdown Grey Lynn",2021-06-29,9,"Tuesday"
"269","Countdown Grey Lynn",2021-06-30,13,"Wednesday"
"270","Countdown Grey Lynn",2021-07-01,11,"Thursday"
"271","Countdown Grey Lynn",2021-07-02,8,"Friday"
"272","Countdown Grey Lynn",2021-07-03,2,"Saturday"
"273","Countdown Grey Lynn",2021-07-04,0,"Sunday"
"274","Countdown Grey Lynn",2021-07-05,11,"Monday"
"275","Countdown Grey Lynn",2021-07-06,6,"Tuesday"
"276","Countdown Grey Lynn",2021-07-07,11,"Wednesday"
"277","Countdown Grey Lynn",2021-07-08,3,"Thursday"
"278","Countdown Grey Lynn",2021-07-09,11,"Friday"
"279","Countdown Grey Lynn",2021-07-10,5,"Saturday"
"280","Countdown Grey Lynn",2021-07-11,0,"Sunday"
"281","Countdown Grey Lynn Central",2021-06-14,8,"Monday"
"282","Countdown Grey Lynn Central",2021-06-15,11,"Tuesday"
"283","Countdown Grey Lynn Central",2021-06-16,3,"Wednesday"
"284","Countdown Grey Lynn Central",2021-06-17,6,"Thursday"
"285","Countdown Grey Lynn Central",2021-06-18,12,"Friday"
"286","Countdown Grey Lynn Central",2021-06-19,6,"Saturday"
"287","Countdown Grey Lynn Central",2021-06-20,0,"Sunday"
"288","Countdown Grey Lynn Central",2021-06-21,6,"Monday"
"289","Countdown Grey Lynn Central",2021-06-22,5,"Tuesday"
"290","Countdown Grey Lynn Central",2021-06-23,13,"Wednesday"
"291","Countdown Grey Lynn Central",2021-06-24,10,"Thursday"
"292","Countdown Grey Lynn Central",2021-06-25,9,"Friday"
"293","Countdown Grey Lynn Central",2021-06-26,6,"Saturday"
"294","Countdown Grey Lynn Central",2021-06-27,0,"Sunday"
"295","Countdown Grey Lynn Central",2021-06-28,5,"Monday"
"296","Countdown Grey Lynn Central",2021-06-29,11,"Tuesday"
"297","Countdown Grey Lynn Central",2021-06-30,6,"Wednesday"
"298","Countdown Grey Lynn Central",2021-07-01,11,"Thursday"
"299","Countdown Grey Lynn Central",2021-07-02,6,"Friday"
"300","Countdown Grey Lynn Central",2021-07-03,6,"Saturday"
"301","Countdown Grey Lynn Central",2021-07-04,0,"Sunday"
"302","Countdown Grey Lynn Central",2021-07-05,10,"Monday"
"303","Countdown Grey Lynn Central",2021-07-06,7,"Tuesday"
"304","Countdown Grey Lynn Central",2021-07-07,11,"Wednesday"
"305","Countdown Grey Lynn Central",2021-07-08,9,"Thursday"
"306","Countdown Grey Lynn Central",2021-07-09,7,"Friday"
"307","Countdown Grey Lynn Central",2021-07-10,4,"Saturday"
"308","Countdown Grey Lynn Central",2021-07-11,0,"Sunday"
"309","Countdown Hauraki Corner",2021-06-14,7,"Monday"
"310","Countdown Hauraki Corner",2021-06-15,5,"Tuesday"
"311","Countdown Hauraki Corner",2021-06-16,8,"Wednesday"
"312","Countdown Hauraki Corner",2021-06-17,6,"Thursday"
"313","Countdown Hauraki Corner",2021-06-18,6,"Friday"
"314","Countdown Hauraki Corner",2021-06-19,2,"Saturday"
"315","Countdown Hauraki Corner",2021-06-20,0,"Sunday"
"316","Countdown Hauraki Corner",2021-06-21,9,"Monday"
"317","Countdown Hauraki Corner",2021-06-22,13,"Tuesday"
"318","Countdown Hauraki Corner",2021-06-23,9,"Wednesday"
"319","Countdown Hauraki Corner",2021-06-24,4,"Thursday"
"320","Countdown Hauraki Corner",2021-06-25,9,"Friday"
"321","Countdown Hauraki Corner",2021-06-26,4,"Saturday"
"322","Countdown Hauraki Corner",2021-06-27,0,"Sunday"
"323","Countdown Hauraki Corner",2021-06-28,5,"Monday"
"324","Countdown Hauraki Corner",2021-06-29,6,"Tuesday"
"325","Countdown Hauraki Corner",2021-06-30,9,"Wednesday"
"326","Countdown Hauraki Corner",2021-07-01,6,"Thursday"
"327","Countdown Hauraki Corner",2021-07-02,10,"Friday"
"328","Countdown Hauraki Corner",2021-07-03,5,"Saturday"
"329","Countdown Hauraki Corner",2021-07-04,0,"Sunday"
"330","Countdown Hauraki Corner",2021-07-05,10,"Monday"
"331","Countdown Hauraki Corner",2021-07-06,8,"Tuesday"
"332","Countdown Hauraki Corner",2021-07-07,6,"Wednesday"
"333","Countdown Hauraki Corner",2021-07-08,7,"Thursday"
"334","Countdown Hauraki Corner",2021-07-09,3,"Friday"
"335","Countdown Hauraki Corner",2021-07-10,6,"Saturday"
"336","Countdown Hauraki Corner",2021-07-11,0,"Sunday"
"337","Countdown Henderson",2021-06-14,11,"Monday"
"338","Countdown Henderson",2021-06-15,9,"Tuesday"
"339","Countdown Henderson",2021-06-16,5,"Wednesday"
"340","Countdown Henderson",2021-06-17,6,"Thursday"
"341","Countdown Henderson",2021-06-18,10,"Friday"
"342","Countdown Henderson",2021-06-19,5,"Saturday"
"343","Countdown Henderson",2021-06-20,0,"Sunday"
"344","Countdown Henderson",2021-06-21,8,"Monday"
"345","Countdown Henderson",2021-06-22,5,"Tuesday"
"346","Countdown Henderson",2021-06-23,8,"Wednesday"
"347","Countdown Henderson",2021-06-24,4,"Thursday"
"348","Countdown Henderson",2021-06-25,8,"Friday"
"349","Countdown Henderson",2021-06-26,3,"Saturday"
"350","Countdown Henderson",2021-06-27,0,"Sunday"
"351","Countdown Henderson",2021-06-28,12,"Monday"
"352","Countdown Henderson",2021-06-29,8,"Tuesday"
"353","Countdown Henderson",2021-06-30,6,"Wednesday"
"354","Countdown Henderson",2021-07-01,8,"Thursday"
"355","Countdown Henderson",2021-07-02,8,"Friday"
"356","Countdown Henderson",2021-07-03,6,"Saturday"
"357","Countdown Henderson",2021-07-04,0,"Sunday"
"358","Countdown Henderson",2021-07-05,5,"Monday"
"359","Countdown Henderson",2021-07-06,6,"Tuesday"
"360","Countdown Henderson",2021-07-07,8,"Wednesday"
"361","Countdown Henderson",2021-07-08,11,"Thursday"
"362","Countdown Henderson",2021-07-09,12,"Friday"
"363","Countdown Henderson",2021-07-10,3,"Saturday"
"364","Countdown Henderson",2021-07-11,0,"Sunday"
"365","Countdown Highland Park",2021-06-14,5,"Monday"
"366","Countdown Highland Park",2021-06-15,8,"Tuesday"
"367","Countdown Highland Park",2021-06-16,9,"Wednesday"
"368","Countdown Highland Park",2021-06-17,8,"Thursday"
"369","Countdown Highland Park",2021-06-18,7,"Friday"
"370","Countdown Highland Park",2021-06-19,2,"Saturday"
"371","Countdown Highland Park",2021-06-20,0,"Sunday"
"372","Countdown Highland Park",2021-06-21,10,"Monday"
"373","Countdown Highland Park",2021-06-22,5,"Tuesday"
"374","Countdown Highland Park",2021-06-23,7,"Wednesday"
"375","Countdown Highland Park",2021-06-24,7,"Thursday"
"376","Countdown Highland Park",2021-06-25,12,"Friday"
"377","Countdown Highland Park",2021-06-26,4,"Saturday"
"378","Countdown Highland Park",2021-06-27,0,"Sunday"
"379","Countdown Highland Park",2021-06-28,10,"Monday"
"380","Countdown Highland Park",2021-06-29,6,"Tuesday"
"381","Countdown Highland Park",2021-06-30,7,"Wednesday"
"382","Countdown Highland Park",2021-07-01,12,"Thursday"
"383","Countdown Highland Park",2021-07-02,8,"Friday"
"384","Countdown Highland Park",2021-07-03,3,"Saturday"
"385","Countdown Highland Park",2021-07-04,0,"Sunday"
"386","Countdown Highland Park",2021-07-05,4,"Monday"
"387","Countdown Highland Park",2021-07-06,12,"Tuesday"
"388","Countdown Highland Park",2021-07-07,4,"Wednesday"
"389","Countdown Highland Park",2021-07-08,7,"Thursday"
"390","Countdown Highland Park",2021-07-09,5,"Friday"
"391","Countdown Highland Park",2021-07-10,2,"Saturday"
"392","Countdown Highland Park",2021-07-11,0,"Sunday"
"393","Countdown Hobsonville",2021-06-14,11,"Monday"
"394","Countdown Hobsonville",2021-06-15,8,"Tuesday"
"395","Countdown Hobsonville",2021-06-16,8,"Wednesday"
"396","Countdown Hobsonville",2021-06-17,4,"Thursday"
"397","Countdown Hobsonville",2021-06-18,10,"Friday"
"398","Countdown Hobsonville",2021-06-19,6,"Saturday"
"399","Countdown Hobsonville",2021-06-20,0,"Sunday"
"400","Countdown Hobsonville",2021-06-21,9,"Monday"
"401","Countdown Hobsonville",2021-06-22,9,"Tuesday"
"402","Countdown Hobsonville",2021-06-23,7,"Wednesday"
"403","Countdown Hobsonville",2021-06-24,9,"Thursday"
"404","Countdown Hobsonville",2021-06-25,7,"Friday"
"405","Countdown Hobsonville",2021-06-26,6,"Saturday"
"406","Countdown Hobsonville",2021-06-27,0,"Sunday"
"407","Countdown Hobsonville",2021-06-28,9,"Monday"
"408","Countdown Hobsonville",2021-06-29,11,"Tuesday"
"409","Countdown Hobsonville",2021-06-30,8,"Wednesday"
"410","Countdown Hobsonville",2021-07-01,12,"Thursday"
"411","Countdown Hobsonville",2021-07-02,8,"Friday"
"412","Countdown Hobsonville",2021-07-03,6,"Saturday"
"413","Countdown Hobsonville",2021-07-04,0,"Sunday"
"414","Countdown Hobsonville",2021-07-05,8,"Monday"
"415","Countdown Hobsonville",2021-07-06,11,"Tuesday"
"416","Countdown Hobsonville",2021-07-07,8,"Wednesday"
"417","Countdown Hobsonville",2021-07-08,10,"Thursday"
"418","Countdown Hobsonville",2021-07-09,5,"Friday"
"419","Countdown Hobsonville",2021-07-10,6,"Saturday"
"420","Countdown Hobsonville",2021-07-11,0,"Sunday"
"421","Countdown Howick",2021-06-14,9,"Monday"
"422","Countdown Howick",2021-06-15,10,"Tuesday"
"423","Countdown Howick",2021-06-16,8,"Wednesday"
"424","Countdown Howick",2021-06-17,11,"Thursday"
"425","Countdown Howick",2021-06-18,13,"Friday"
"426","Countdown Howick",2021-06-19,3,"Saturday"
"427","Countdown Howick",2021-06-20,0,"Sunday"
"428","Countdown Howick",2021-06-21,9,"Monday"
"429","Countdown Howick",2021-06-22,15,"Tuesday"
"430","Countdown Howick",2021-06-23,12,"Wednesday"
"431","Countdown Howick",2021-06-24,8,"Thursday"
"432","Countdown Howick",2021-06-25,6,"Friday"
"433","Countdown Howick",2021-06-26,4,"Saturday"
"434","Countdown Howick",2021-06-27,0,"Sunday"
"435","Countdown Howick",2021-06-28,6,"Monday"
"436","Countdown Howick",2021-06-29,8,"Tuesday"
"437","Countdown Howick",2021-06-30,5,"Wednesday"
"438","Countdown Howick",2021-07-01,8,"Thursday"
"439","Countdown Howick",2021-07-02,10,"Friday"
"440","Countdown Howick",2021-07-03,5,"Saturday"
"441","Countdown Howick",2021-07-04,0,"Sunday"
"442","Countdown Howick",2021-07-05,9,"Monday"
"443","Countdown Howick",2021-07-06,6,"Tuesday"
"444","Countdown Howick",2021-07-07,9,"Wednesday"
"445","Countdown Howick",2021-07-08,8,"Thursday"
"446","Countdown Howick",2021-07-09,9,"Friday"
"447","Countdown Howick",2021-07-10,4,"Saturday"
"448","Countdown Howick",2021-07-11,0,"Sunday"
"449","Countdown Kelston",2021-06-14,7,"Monday"
"450","Countdown Kelston",2021-06-15,9,"Tuesday"
"451","Countdown Kelston",2021-06-16,11,"Wednesday"
"452","Countdown Kelston",2021-06-17,8,"Thursday"
"453","Countdown Kelston",2021-06-18,10,"Friday"
"454","Countdown Kelston",2021-06-19,4,"Saturday"
"455","Countdown Kelston",2021-06-20,0,"Sunday"
"456","Countdown Kelston",2021-06-21,5,"Monday"
"457","Countdown Kelston",2021-06-22,13,"Tuesday"
"458","Countdown Kelston",2021-06-23,6,"Wednesday"
"459","Countdown Kelston",2021-06-24,12,"Thursday"
"460","Countdown Kelston",2021-06-25,9,"Friday"
"461","Countdown Kelston",2021-06-26,5,"Saturday"
"462","Countdown Kelston",2021-06-27,0,"Sunday"
"463","Countdown Kelston",2021-06-28,5,"Monday"
"464","Countdown Kelston",2021-06-29,7,"Tuesday"
"465","Countdown Kelston",2021-06-30,6,"Wednesday"
"466","Countdown Kelston",2021-07-01,7,"Thursday"
"467","Countdown Kelston",2021-07-02,6,"Friday"
"468","Countdown Kelston",2021-07-03,5,"Saturday"
"469","Countdown Kelston",2021-07-04,0,"Sunday"
"470","Countdown Kelston",2021-07-05,7,"Monday"
"471","Countdown Kelston",2021-07-06,9,"Tuesday"
"472","Countdown Kelston",2021-07-07,7,"Wednesday"
"473","Countdown Kelston",2021-07-08,15,"Thursday"
"474","Countdown Kelston",2021-07-09,4,"Friday"
"475","Countdown Kelston",2021-07-10,2,"Saturday"
"476","Countdown Kelston",2021-07-11,0,"Sunday"
"477","Countdown Lincoln Road",2021-06-14,9,"Monday"
"478","Countdown Lincoln Road",2021-06-15,9,"Tuesday"
"479","Countdown Lincoln Road",2021-06-16,10,"Wednesday"
"480","Countdown Lincoln Road",2021-06-17,7,"Thursday"
"481","Countdown Lincoln Road",2021-06-18,4,"Friday"
"482","Countdown Lincoln Road",2021-06-19,4,"Saturday"
"483","Countdown Lincoln Road",2021-06-20,0,"Sunday"
"484","Countdown Lincoln Road",2021-06-21,6,"Monday"
"485","Countdown Lincoln Road",2021-06-22,11,"Tuesday"
"486","Countdown Lincoln Road",2021-06-23,6,"Wednesday"
"487","Countdown Lincoln Road",2021-06-24,9,"Thursday"
"488","Countdown Lincoln Road",2021-06-25,10,"Friday"
"489","Countdown Lincoln Road",2021-06-26,4,"Saturday"
"490","Countdown Lincoln Road",2021-06-27,0,"Sunday"
"491","Countdown Lincoln Road",2021-06-28,5,"Monday"
"492","Countdown Lincoln Road",2021-06-29,9,"Tuesday"
"493","Countdown Lincoln Road",2021-06-30,9,"Wednesday"
"494","Countdown Lincoln Road",2021-07-01,7,"Thursday"
"495","Countdown Lincoln Road",2021-07-02,12,"Friday"
"496","Countdown Lincoln Road",2021-07-03,6,"Saturday"
"497","Countdown Lincoln Road",2021-07-04,0,"Sunday"
"498","Countdown Lincoln Road",2021-07-05,9,"Monday"
"499","Countdown Lincoln Road",2021-07-06,9,"Tuesday"
"500","Countdown Lincoln Road",2021-07-07,7,"Wednesday"
"501","Countdown Lincoln Road",2021-07-08,6,"Thursday"
"502","Countdown Lincoln Road",2021-07-09,14,"Friday"
"503","Countdown Lincoln Road",2021-07-10,4,"Saturday"
"504","Countdown Lincoln Road",2021-07-11,0,"Sunday"
"505","Countdown Lynfield",2021-06-14,12,"Monday"
"506","Countdown Lynfield",2021-06-15,11,"Tuesday"
"507","Countdown Lynfield",2021-06-16,7,"Wednesday"
"508","Countdown Lynfield",2021-06-17,9,"Thursday"
"509","Countdown Lynfield",2021-06-18,6,"Friday"
"510","Countdown Lynfield",2021-06-19,6,"Saturday"
"511","Countdown Lynfield",2021-06-20,0,"Sunday"
"512","Countdown Lynfield",2021-06-21,11,"Monday"
"513","Countdown Lynfield",2021-06-22,6,"Tuesday"
"514","Countdown Lynfield",2021-06-23,4,"Wednesday"
"515","Countdown Lynfield",2021-06-24,9,"Thursday"
"516","Countdown Lynfield",2021-06-25,8,"Friday"
"517","Countdown Lynfield",2021-06-26,4,"Saturday"
"518","Countdown Lynfield",2021-06-27,0,"Sunday"
"519","Countdown Lynfield",2021-06-28,7,"Monday"
"520","Countdown Lynfield",2021-06-29,6,"Tuesday"
"521","Countdown Lynfield",2021-06-30,12,"Wednesday"
"522","Countdown Lynfield",2021-07-01,7,"Thursday"
"523","Countdown Lynfield",2021-07-02,9,"Friday"
"524","Countdown Lynfield",2021-07-03,2,"Saturday"
"525","Countdown Lynfield",2021-07-04,0,"Sunday"
"526","Countdown Lynfield",2021-07-05,6,"Monday"
"527","Countdown Lynfield",2021-07-06,10,"Tuesday"
"528","Countdown Lynfield",2021-07-07,8,"Wednesday"
"529","Countdown Lynfield",2021-07-08,7,"Thursday"
"530","Countdown Lynfield",2021-07-09,8,"Friday"
"531","Countdown Lynfield",2021-07-10,2,"Saturday"
"532","Countdown Lynfield",2021-07-11,0,"Sunday"
"533","Countdown Lynmall",2021-06-14,7,"Monday"
"534","Countdown Lynmall",2021-06-15,7,"Tuesday"
"535","Countdown Lynmall",2021-06-16,7,"Wednesday"
"536","Countdown Lynmall",2021-06-17,5,"Thursday"
"537","Countdown Lynmall",2021-06-18,5,"Friday"
"538","Countdown Lynmall",2021-06-19,4,"Saturday"
"539","Countdown Lynmall",2021-06-20,0,"Sunday"
"540","Countdown Lynmall",2021-06-21,6,"Monday"
"541","Countdown Lynmall",2021-06-22,8,"Tuesday"
"542","Countdown Lynmall",2021-06-23,5,"Wednesday"
"543","Countdown Lynmall",2021-06-24,9,"Thursday"
"544","Countdown Lynmall",2021-06-25,9,"Friday"
"545","Countdown Lynmall",2021-06-26,5,"Saturday"
"546","Countdown Lynmall",2021-06-27,0,"Sunday"
"547","Countdown Lynmall",2021-06-28,7,"Monday"
"548","Countdown Lynmall",2021-06-29,9,"Tuesday"
"549","Countdown Lynmall",2021-06-30,8,"Wednesday"
"550","Countdown Lynmall",2021-07-01,4,"Thursday"
"551","Countdown Lynmall",2021-07-02,8,"Friday"
"552","Countdown Lynmall",2021-07-03,5,"Saturday"
"553","Countdown Lynmall",2021-07-04,0,"Sunday"
"554","Countdown Lynmall",2021-07-05,6,"Monday"
"555","Countdown Lynmall",2021-07-06,7,"Tuesday"
"556","Countdown Lynmall",2021-07-07,7,"Wednesday"
"557","Countdown Lynmall",2021-07-08,6,"Thursday"
"558","Countdown Lynmall",2021-07-09,9,"Friday"
"559","Countdown Lynmall",2021-07-10,2,"Saturday"
"560","Countdown Lynmall",2021-07-11,0,"Sunday"
"561","Countdown Mairangi Bay",2021-06-14,7,"Monday"
"562","Countdown Mairangi Bay",2021-06-15,7,"Tuesday"
"563","Countdown Mairangi Bay",2021-06-16,4,"Wednesday"
"564","Countdown Mairangi Bay",2021-06-17,11,"Thursday"
"565","Countdown Mairangi Bay",2021-06-18,8,"Friday"
"566","Countdown Mairangi Bay",2021-06-19,2,"Saturday"
"567","Countdown Mairangi Bay",2021-06-20,0,"Sunday"
"568","Countdown Mairangi Bay",2021-06-21,7,"Monday"
"569","Countdown Mairangi Bay",2021-06-22,9,"Tuesday"
"570","Countdown Mairangi Bay",2021-06-23,9,"Wednesday"
"571","Countdown Mairangi Bay",2021-06-24,15,"Thursday"
"572","Countdown Mairangi Bay",2021-06-25,10,"Friday"
"573","Countdown Mairangi Bay",2021-06-26,5,"Saturday"
"574","Countdown Mairangi Bay",2021-06-27,0,"Sunday"
"575","Countdown Mairangi Bay",2021-06-28,9,"Monday"
"576","Countdown Mairangi Bay",2021-06-29,7,"Tuesday"
"577","Countdown Mairangi Bay",2021-06-30,8,"Wednesday"
"578","Countdown Mairangi Bay",2021-07-01,10,"Thursday"
"579","Countdown Mairangi Bay",2021-07-02,9,"Friday"
"580","Countdown Mairangi Bay",2021-07-03,4,"Saturday"
"581","Countdown Mairangi Bay",2021-07-04,0,"Sunday"
"582","Countdown Mairangi Bay",2021-07-05,9,"Monday"
"583","Countdown Mairangi Bay",2021-07-06,7,"Tuesday"
"584","Countdown Mairangi Bay",2021-07-07,9,"Wednesday"
"585","Countdown Mairangi Bay",2021-07-08,9,"Thursday"
"586","Countdown Mairangi Bay",2021-07-09,10,"Friday"
"587","Countdown Mairangi Bay",2021-07-10,3,"Saturday"
"588","Countdown Mairangi Bay",2021-07-11,0,"Sunday"
"589","Countdown Mangere East",2021-06-14,9,"Monday"
"590","Countdown Mangere East",2021-06-15,9,"Tuesday"
"591","Countdown Mangere East",2021-06-16,7,"Wednesday"
"592","Countdown Mangere East",2021-06-17,9,"Thursday"
"593","Countdown Mangere East",2021-06-18,6,"Friday"
"594","Countdown Mangere East",2021-06-19,4,"Saturday"
"595","Countdown Mangere East",2021-06-20,0,"Sunday"
"596","Countdown Mangere East",2021-06-21,6,"Monday"
"597","Countdown Mangere East",2021-06-22,6,"Tuesday"
"598","Countdown Mangere East",2021-06-23,9,"Wednesday"
"599","Countdown Mangere East",2021-06-24,10,"Thursday"
"600","Countdown Mangere East",2021-06-25,8,"Friday"
"601","Countdown Mangere East",2021-06-26,3,"Saturday"
"602","Countdown Mangere East",2021-06-27,0,"Sunday"
"603","Countdown Mangere East",2021-06-28,12,"Monday"
"604","Countdown Mangere East",2021-06-29,6,"Tuesday"
"605","Countdown Mangere East",2021-06-30,7,"Wednesday"
"606","Countdown Mangere East",2021-07-01,7,"Thursday"
"607","Countdown Mangere East",2021-07-02,10,"Friday"
"608","Countdown Mangere East",2021-07-03,4,"Saturday"
"609","Countdown Mangere East",2021-07-04,0,"Sunday"
"610","Countdown Mangere East",2021-07-05,9,"Monday"
"611","Countdown Mangere East",2021-07-06,5,"Tuesday"
"612","Countdown Mangere East",2021-07-07,6,"Wednesday"
"613","Countdown Mangere East",2021-07-08,10,"Thursday"
"614","Countdown Mangere East",2021-07-09,8,"Friday"
"615","Countdown Mangere East",2021-07-10,3,"Saturday"
"616","Countdown Mangere East",2021-07-11,0,"Sunday"
"617","Countdown Mangere Mall",2021-06-14,9,"Monday"
"618","Countdown Mangere Mall",2021-06-15,4,"Tuesday"
"619","Countdown Mangere Mall",2021-06-16,4,"Wednesday"
"620","Countdown Mangere Mall",2021-06-17,7,"Thursday"
"621","Countdown Mangere Mall",2021-06-18,13,"Friday"
"622","Countdown Mangere Mall",2021-06-19,2,"Saturday"
"623","Countdown Mangere Mall",2021-06-20,0,"Sunday"
"624","Countdown Mangere Mall",2021-06-21,9,"Monday"
"625","Countdown Mangere Mall",2021-06-22,7,"Tuesday"
"626","Countdown Mangere Mall",2021-06-23,10,"Wednesday"
"627","Countdown Mangere Mall",2021-06-24,9,"Thursday"
"628","Countdown Mangere Mall",2021-06-25,5,"Friday"
"629","Countdown Mangere Mall",2021-06-26,3,"Saturday"
"630","Countdown Mangere Mall",2021-06-27,0,"Sunday"
"631","Countdown Mangere Mall",2021-06-28,3,"Monday"
"632","Countdown Mangere Mall",2021-06-29,4,"Tuesday"
"633","Countdown Mangere Mall",2021-06-30,9,"Wednesday"
"634","Countdown Mangere Mall",2021-07-01,7,"Thursday"
"635","Countdown Mangere Mall",2021-07-02,7,"Friday"
"636","Countdown Mangere Mall",2021-07-03,4,"Saturday"
"637","Countdown Mangere Mall",2021-07-04,0,"Sunday"
"638","Countdown Mangere Mall",2021-07-05,7,"Monday"
"639","Countdown Mangere Mall",2021-07-06,7,"Tuesday"
"640","Countdown Mangere Mall",2021-07-07,9,"Wednesday"
"641","Countdown Mangere Mall",2021-07-08,7,"Thursday"
"642","Countdown Mangere Mall",2021-07-09,6,"Friday"
"643","Countdown Mangere Mall",2021-07-10,6,"Saturday"
"644","Countdown Mangere Mall",2021-07-11,0,"Sunday"
"645","Countdown Manukau",2021-06-14,8,"Monday"
"646","Countdown Manukau",2021-06-15,9,"Tuesday"
"647","Countdown Manukau",2021-06-16,5,"Wednesday"
"648","Countdown Manukau",2021-06-17,8,"Thursday"
"649","Countdown Manukau",2021-06-18,5,"Friday"
"650","Countdown Manukau",2021-06-19,6,"Saturday"
"651","Countdown Manukau",2021-06-20,0,"Sunday"
"652","Countdown Manukau",2021-06-21,5,"Monday"
"653","Countdown Manukau",2021-06-22,9,"Tuesday"
"654","Countdown Manukau",2021-06-23,9,"Wednesday"
"655","Countdown Manukau",2021-06-24,3,"Thursday"
"656","Countdown Manukau",2021-06-25,10,"Friday"
"657","Countdown Manukau",2021-06-26,6,"Saturday"
"658","Countdown Manukau",2021-06-27,0,"Sunday"
"659","Countdown Manukau",2021-06-28,7,"Monday"
"660","Countdown Manukau",2021-06-29,8,"Tuesday"
"661","Countdown Manukau",2021-06-30,10,"Wednesday"
"662","Countdown Manukau",2021-07-01,10,"Thursday"
"663","Countdown Manukau",2021-07-02,8,"Friday"
"664","Countdown Manukau",2021-07-03,6,"Saturday"
"665","Countdown Manukau",2021-07-04,0,"Sunday"
"666","Countdown Manukau",2021-07-05,5,"Monday"
"667","Countdown Manukau",2021-07-06,11,"Tuesday"
"668","Countdown Manukau",2021-07-07,8,"Wednesday"
"669","Countdown Manukau",2021-07-08,5,"Thursday"
"670","Countdown Manukau",2021-07-09,8,"Friday"
"671","Countdown Manukau",2021-07-10,6,"Saturday"
"672","Countdown Manukau",2021-07-11,0,"Sunday"
"673","Countdown Manukau Mall",2021-06-14,8,"Monday"
"674","Countdown Manukau Mall",2021-06-15,10,"Tuesday"
"675","Countdown Manukau Mall",2021-06-16,8,"Wednesday"
"676","Countdown Manukau Mall",2021-06-17,4,"Thursday"
"677","Countdown Manukau Mall",2021-06-18,8,"Friday"
"678","Countdown Manukau Mall",2021-06-19,5,"Saturday"
"679","Countdown Manukau Mall",2021-06-20,0,"Sunday"
"680","Countdown Manukau Mall",2021-06-21,8,"Monday"
"681","Countdown Manukau Mall",2021-06-22,11,"Tuesday"
"682","Countdown Manukau Mall",2021-06-23,10,"Wednesday"
"683","Countdown Manukau Mall",2021-06-24,8,"Thursday"
"684","Countdown Manukau Mall",2021-06-25,8,"Friday"
"685","Countdown Manukau Mall",2021-06-26,2,"Saturday"
"686","Countdown Manukau Mall",2021-06-27,0,"Sunday"
"687","Countdown Manukau Mall",2021-06-28,11,"Monday"
"688","Countdown Manukau Mall",2021-06-29,12,"Tuesday"
"689","Countdown Manukau Mall",2021-06-30,12,"Wednesday"
"690","Countdown Manukau Mall",2021-07-01,6,"Thursday"
"691","Countdown Manukau Mall",2021-07-02,9,"Friday"
"692","Countdown Manukau Mall",2021-07-03,3,"Saturday"
"693","Countdown Manukau Mall",2021-07-04,0,"Sunday"
"694","Countdown Manukau Mall",2021-07-05,5,"Monday"
"695","Countdown Manukau Mall",2021-07-06,7,"Tuesday"
"696","Countdown Manukau Mall",2021-07-07,6,"Wednesday"
"697","Countdown Manukau Mall",2021-07-08,6,"Thursday"
"698","Countdown Manukau Mall",2021-07-09,10,"Friday"
"699","Countdown Manukau Mall",2021-07-10,5,"Saturday"
"700","Countdown Manukau Mall",2021-07-11,0,"Sunday"
"701","Countdown Manurewa",2021-06-14,6,"Monday"
"702","Countdown Manurewa",2021-06-15,8,"Tuesday"
"703","Countdown Manurewa",2021-06-16,7,"Wednesday"
"704","Countdown Manurewa",2021-06-17,8,"Thursday"
"705","Countdown Manurewa",2021-06-18,11,"Friday"
"706","Countdown Manurewa",2021-06-19,4,"Saturday"
"707","Countdown Manurewa",2021-06-20,0,"Sunday"
"708","Countdown Manurewa",2021-06-21,8,"Monday"
"709","Countdown Manurewa",2021-06-22,5,"Tuesday"
"710","Countdown Manurewa",2021-06-23,7,"Wednesday"
"711","Countdown Manurewa",2021-06-24,11,"Thursday"
"712","Countdown Manurewa",2021-06-25,12,"Friday"
"713","Countdown Manurewa",2021-06-26,2,"Saturday"
"714","Countdown Manurewa",2021-06-27,0,"Sunday"
"715","Countdown Manurewa",2021-06-28,8,"Monday"
"716","Countdown Manurewa",2021-06-29,9,"Tuesday"
"717","Countdown Manurewa",2021-06-30,5,"Wednesday"
"718","Countdown Manurewa",2021-07-01,8,"Thursday"
"719","Countdown Manurewa",2021-07-02,8,"Friday"
"720","Countdown Manurewa",2021-07-03,6,"Saturday"
"721","Countdown Manurewa",2021-07-04,0,"Sunday"
"722","Countdown Manurewa",2021-07-05,9,"Monday"
"723","Countdown Manurewa",2021-07-06,8,"Tuesday"
"724","Countdown Manurewa",2021-07-07,10,"Wednesday"
"725","Countdown Manurewa",2021-07-08,7,"Thursday"
"726","Countdown Manurewa",2021-07-09,6,"Friday"
"727","Countdown Manurewa",2021-07-10,2,"Saturday"
"728","Countdown Manurewa",2021-07-11,0,"Sunday"
"729","Countdown Meadowbank",2021-06-14,11,"Monday"
"730","Countdown Meadowbank",2021-06-15,4,"Tuesday"
"731","Countdown Meadowbank",2021-06-16,8,"Wednesday"
"732","Countdown Meadowbank",2021-06-17,12,"Thursday"
"733","Countdown Meadowbank",2021-06-18,7,"Friday"
"734","Countdown Meadowbank",2021-06-19,3,"Saturday"
"735","Countdown Meadowbank",2021-06-20,0,"Sunday"
"736","Countdown Meadowbank",2021-06-21,7,"Monday"
"737","Countdown Meadowbank",2021-06-22,7,"Tuesday"
"738","Countdown Meadowbank",2021-06-23,8,"Wednesday"
"739","Countdown Meadowbank",2021-06-24,7,"Thursday"
"740","Countdown Meadowbank",2021-06-25,9,"Friday"
"741","Countdown Meadowbank",2021-06-26,5,"Saturday"
"742","Countdown Meadowbank",2021-06-27,0,"Sunday"
"743","Countdown Meadowbank",2021-06-28,11,"Monday"
"744","Countdown Meadowbank",2021-06-29,5,"Tuesday"
"745","Countdown Meadowbank",2021-06-30,6,"Wednesday"
"746","Countdown Meadowbank",2021-07-01,8,"Thursday"
"747","Countdown Meadowbank",2021-07-02,10,"Friday"
"748","Countdown Meadowbank",2021-07-03,4,"Saturday"
"749","Countdown Meadowbank",2021-07-04,0,"Sunday"
"750","Countdown Meadowbank",2021-07-05,11,"Monday"
"751","Countdown Meadowbank",2021-07-06,6,"Tuesday"
"752","Countdown Meadowbank",2021-07-07,10,"Wednesday"
"753","Countdown Meadowbank",2021-07-08,4,"Thursday"
"754","Countdown Meadowbank",2021-07-09,9,"Friday"
"755","Countdown Meadowbank",2021-07-10,5,"Saturday"
"756","Countdown Meadowbank",2021-07-11,0,"Sunday"
"757","Countdown Meadowlands",2021-06-14,6,"Monday"
"758","Countdown Meadowlands",2021-06-15,9,"Tuesday"
"759","Countdown Meadowlands",2021-06-16,12,"Wednesday"
"760","Countdown Meadowlands",2021-06-17,6,"Thursday"
"761","Countdown Meadowlands",2021-06-18,11,"Friday"
"762","Countdown Meadowlands",2021-06-19,3,"Saturday"
"763","Countdown Meadowlands",2021-06-20,0,"Sunday"
"764","Countdown Meadowlands",2021-06-21,10,"Monday"
"765","Countdown Meadowlands",2021-06-22,10,"Tuesday"
"766","Countdown Meadowlands",2021-06-23,9,"Wednesday"
"767","Countdown Meadowlands",2021-06-24,8,"Thursday"
"768","Countdown Meadowlands",2021-06-25,6,"Friday"
"769","Countdown Meadowlands",2021-06-26,3,"Saturday"
"770","Countdown Meadowlands",2021-06-27,0,"Sunday"
"771","Countdown Meadowlands",2021-06-28,8,"Monday"
"772","Countdown Meadowlands",2021-06-29,10,"Tuesday"
"773","Countdown Meadowlands",2021-06-30,5,"Wednesday"
"774","Countdown Meadowlands",2021-07-01,11,"Thursday"
"775","Countdown Meadowlands",2021-07-02,7,"Friday"
"776","Countdown Meadowlands",2021-07-03,2,"Saturday"
"777","Countdown Meadowlands",2021-07-04,0,"Sunday"
"778","Countdown Meadowlands",2021-07-05,9,"Monday"
"779","Countdown Meadowlands",2021-07-06,8,"Tuesday"
"780","Countdown Meadowlands",2021-07-07,5,"Wednesday"
"781","Countdown Meadowlands",2021-07-08,5,"Thursday"
"782","Countdown Meadowlands",2021-07-09,8,"Friday"
"783","Countdown Meadowlands",2021-07-10,4,"Saturday"
"784","Countdown Meadowlands",2021-07-11,0,"Sunday"
"785","Countdown Metro Albert Street",2021-06-14,6,"Monday"
"786","Countdown Metro Albert Street",2021-06-15,5,"Tuesday"
"787","Countdown Metro Albert Street",2021-06-16,7,"Wednesday"
"788","Countdown Metro Albert Street",2021-06-17,5,"Thursday"
"789","Countdown Metro Albert Street",2021-06-18,2,"Friday"
"790","Countdown Metro Albert Street",2021-06-19,0,"Saturday"
"791","Countdown Metro Albert Street",2021-06-20,0,"Sunday"
"792","Countdown Metro Albert Street",2021-06-21,5,"Monday"
"793","Countdown Metro Albert Street",2021-06-22,5,"Tuesday"
"794","Countdown Metro Albert Street",2021-06-23,3,"Wednesday"
"795","Countdown Metro Albert Street",2021-06-24,3,"Thursday"
"796","Countdown Metro Albert Street",2021-06-25,3,"Friday"
"797","Countdown Metro Albert Street",2021-06-26,0,"Saturday"
"798","Countdown Metro Albert Street",2021-06-27,0,"Sunday"
"799","Countdown Metro Albert Street",2021-06-28,3,"Monday"
"800","Countdown Metro Albert Street",2021-06-29,6,"Tuesday"
"801","Countdown Metro Albert Street",2021-06-30,6,"Wednesday"
"802","Countdown Metro Albert Street",2021-07-01,4,"Thursday"
"803","Countdown Metro Albert Street",2021-07-02,3,"Friday"
"804","Countdown Metro Albert Street",2021-07-03,0,"Saturday"
"805","Countdown Metro Albert Street",2021-07-04,0,"Sunday"
"806","Countdown Metro Albert Street",2021-07-05,4,"Monday"
"807","Countdown Metro Albert Street",2021-07-06,2,"Tuesday"
"808","Countdown Metro Albert Street",2021-07-07,3,"Wednesday"
"809","Countdown Metro Albert Street",2021-07-08,5,"Thursday"
"810","Countdown Metro Albert Street",2021-07-09,5,"Friday"
"811","Countdown Metro Albert Street",2021-07-10,0,"Saturday"
"812","Countdown Metro Albert Street",2021-07-11,0,"Sunday"
"813","Countdown Metro Halsey Street",2021-06-14,3,"Monday"
"814","Countdown Metro Halsey Street",2021-06-15,4,"Tuesday"
"815","Countdown Metro Halsey Street",2021-06-16,2,"Wednesday"
"816","Countdown Metro Halsey Street",2021-06-17,4,"Thursday"
"817","Countdown Metro Halsey Street",2021-06-18,3,"Friday"
"818","Countdown Metro Halsey Street",2021-06-19,0,"Saturday"
"819","Countdown Metro Halsey Street",2021-06-20,0,"Sunday"
"820","Countdown Metro Halsey Street",2021-06-21,7,"Monday"
"821","Countdown Metro Halsey Street",2021-06-22,5,"Tuesday"
"822","Countdown Metro Halsey Street",2021-06-23,3,"Wednesday"
"823","Countdown Metro Halsey Street",2021-06-24,9,"Thursday"
"824","Countdown Metro Halsey Street",2021-06-25,4,"Friday"
"825","Countdown Metro Halsey Street",2021-06-26,0,"Saturday"
"826","Countdown Metro Halsey Street",2021-06-27,0,"Sunday"
"827","Countdown Metro Halsey Street",2021-06-28,4,"Monday"
"828","Countdown Metro Halsey Street",2021-06-29,3,"Tuesday"
"829","Countdown Metro Halsey Street",2021-06-30,3,"Wednesday"
"830","Countdown Metro Halsey Street",2021-07-01,2,"Thursday"
"831","Countdown Metro Halsey Street",2021-07-02,3,"Friday"
"832","Countdown Metro Halsey Street",2021-07-03,0,"Saturday"
"833","Countdown Metro Halsey Street",2021-07-04,0,"Sunday"
"834","Countdown Metro Halsey Street",2021-07-05,2,"Monday"
"835","Countdown Metro Halsey Street",2021-07-06,3,"Tuesday"
"836","Countdown Metro Halsey Street",2021-07-07,4,"Wednesday"
"837","Countdown Metro Halsey Street",2021-07-08,4,"Thursday"
"838","Countdown Metro Halsey Street",2021-07-09,5,"Friday"
"839","Countdown Metro Halsey Street",2021-07-10,0,"Saturday"
"840","Countdown Metro Halsey Street",2021-07-11,0,"Sunday"
"841","Countdown Milford",2021-06-14,9,"Monday"
"842","Countdown Milford",2021-06-15,5,"Tuesday"
"843","Countdown Milford",2021-06-16,12,"Wednesday"
"844","Countdown Milford",2021-06-17,6,"Thursday"
"845","Countdown Milford",2021-06-18,9,"Friday"
"846","Countdown Milford",2021-06-19,2,"Saturday"
"847","Countdown Milford",2021-06-20,0,"Sunday"
"848","Countdown Milford",2021-06-21,5,"Monday"
"849","Countdown Milford",2021-06-22,9,"Tuesday"
"850","Countdown Milford",2021-06-23,10,"Wednesday"
"851","Countdown Milford",2021-06-24,6,"Thursday"
"852","Countdown Milford",2021-06-25,6,"Friday"
"853","Countdown Milford",2021-06-26,3,"Saturday"
"854","Countdown Milford",2021-06-27,0,"Sunday"
"855","Countdown Milford",2021-06-28,11,"Monday"
"856","Countdown Milford",2021-06-29,4,"Tuesday"
"857","Countdown Milford",2021-06-30,10,"Wednesday"
"858","Countdown Milford",2021-07-01,5,"Thursday"
"859","Countdown Milford",2021-07-02,11,"Friday"
"860","Countdown Milford",2021-07-03,3,"Saturday"
"861","Countdown Milford",2021-07-04,0,"Sunday"
"862","Countdown Milford",2021-07-05,7,"Monday"
"863","Countdown Milford",2021-07-06,12,"Tuesday"
"864","Countdown Milford",2021-07-07,11,"Wednesday"
"865","Countdown Milford",2021-07-08,10,"Thursday"
"866","Countdown Milford",2021-07-09,7,"Friday"
"867","Countdown Milford",2021-07-10,6,"Saturday"
"868","Countdown Milford",2021-07-11,0,"Sunday"
"869","Countdown Mt Eden",2021-06-14,9,"Monday"
"870","Countdown Mt Eden",2021-06-15,6,"Tuesday"
"871","Countdown Mt Eden",2021-06-16,10,"Wednesday"
"872","Countdown Mt Eden",2021-06-17,5,"Thursday"
"873","Countdown Mt Eden",2021-06-18,6,"Friday"
"874","Countdown Mt Eden",2021-06-19,5,"Saturday"
"875","Countdown Mt Eden",2021-06-20,0,"Sunday"
"876","Countdown Mt Eden",2021-06-21,10,"Monday"
"877","Countdown Mt Eden",2021-06-22,11,"Tuesday"
"878","Countdown Mt Eden",2021-06-23,10,"Wednesday"
"879","Countdown Mt Eden",2021-06-24,4,"Thursday"
"880","Countdown Mt Eden",2021-06-25,11,"Friday"
"881","Countdown Mt Eden",2021-06-26,3,"Saturday"
"882","Countdown Mt Eden",2021-06-27,0,"Sunday"
"883","Countdown Mt Eden",2021-06-28,3,"Monday"
"884","Countdown Mt Eden",2021-06-29,6,"Tuesday"
"885","Countdown Mt Eden",2021-06-30,10,"Wednesday"
"886","Countdown Mt Eden",2021-07-01,8,"Thursday"
"887","Countdown Mt Eden",2021-07-02,13,"Friday"
"888","Countdown Mt Eden",2021-07-03,6,"Saturday"
"889","Countdown Mt Eden",2021-07-04,0,"Sunday"
"890","Countdown Mt Eden",2021-07-05,5,"Monday"
"891","Countdown Mt Eden",2021-07-06,5,"Tuesday"
"892","Countdown Mt Eden",2021-07-07,5,"Wednesday"
"893","Countdown Mt Eden",2021-07-08,8,"Thursday"
"894","Countdown Mt Eden",2021-07-09,8,"Friday"
"895","Countdown Mt Eden",2021-07-10,5,"Saturday"
"896","Countdown Mt Eden",2021-07-11,0,"Sunday"
"897","Countdown Mt Roskill",2021-06-14,6,"Monday"
"898","Countdown Mt Roskill",2021-06-15,9,"Tuesday"
"899","Countdown Mt Roskill",2021-06-16,6,"Wednesday"
"900","Countdown Mt Roskill",2021-06-17,7,"Thursday"
"901","Countdown Mt Roskill",2021-06-18,10,"Friday"
"902","Countdown Mt Roskill",2021-06-19,4,"Saturday"
"903","Countdown Mt Roskill",2021-06-20,0,"Sunday"
"904","Countdown Mt Roskill",2021-06-21,11,"Monday"
"905","Countdown Mt Roskill",2021-06-22,8,"Tuesday"
"906","Countdown Mt Roskill",2021-06-23,5,"Wednesday"
"907","Countdown Mt Roskill",2021-06-24,8,"Thursday"
"908","Countdown Mt Roskill",2021-06-25,6,"Friday"
"909","Countdown Mt Roskill",2021-06-26,5,"Saturday"
"910","Countdown Mt Roskill",2021-06-27,0,"Sunday"
"911","Countdown Mt Roskill",2021-06-28,8,"Monday"
"912","Countdown Mt Roskill",2021-06-29,7,"Tuesday"
"913","Countdown Mt Roskill",2021-06-30,5,"Wednesday"
"914","Countdown Mt Roskill",2021-07-01,7,"Thursday"
"915","Countdown Mt Roskill",2021-07-02,8,"Friday"
"916","Countdown Mt Roskill",2021-07-03,2,"Saturday"
"917","Countdown Mt Roskill",2021-07-04,0,"Sunday"
"918","Countdown Mt Roskill",2021-07-05,10,"Monday"
"919","Countdown Mt Roskill",2021-07-06,9,"Tuesday"
"920","Countdown Mt Roskill",2021-07-07,11,"Wednesday"
"921","Countdown Mt Roskill",2021-07-08,9,"Thursday"
"922","Countdown Mt Roskill",2021-07-09,10,"Friday"
"923","Countdown Mt Roskill",2021-07-10,6,"Saturday"
"924","Countdown Mt Roskill",2021-07-11,0,"Sunday"
"925","Countdown Mt Wellington",2021-06-14,9,"Monday"
"926","Countdown Mt Wellington",2021-06-15,6,"Tuesday"
"927","Countdown Mt Wellington",2021-06-16,8,"Wednesday"
"928","Countdown Mt Wellington",2021-06-17,3,"Thursday"
"929","Countdown Mt Wellington",2021-06-18,8,"Friday"
"930","Countdown Mt Wellington",2021-06-19,6,"Saturday"
"931","Countdown Mt Wellington",2021-06-20,0,"Sunday"
"932","Countdown Mt Wellington",2021-06-21,13,"Monday"
"933","Countdown Mt Wellington",2021-06-22,12,"Tuesday"
"934","Countdown Mt Wellington",2021-06-23,7,"Wednesday"
"935","Countdown Mt Wellington",2021-06-24,12,"Thursday"
"936","Countdown Mt Wellington",2021-06-25,6,"Friday"
"937","Countdown Mt Wellington",2021-06-26,3,"Saturday"
"938","Countdown Mt Wellington",2021-06-27,0,"Sunday"
"939","Countdown Mt Wellington",2021-06-28,8,"Monday"
"940","Countdown Mt Wellington",2021-06-29,7,"Tuesday"
"941","Countdown Mt Wellington",2021-06-30,7,"Wednesday"
"942","Countdown Mt Wellington",2021-07-01,8,"Thursday"
"943","Countdown Mt Wellington",2021-07-02,9,"Friday"
"944","Countdown Mt Wellington",2021-07-03,4,"Saturday"
"945","Countdown Mt Wellington",2021-07-04,0,"Sunday"
"946","Countdown Mt Wellington",2021-07-05,12,"Monday"
"947","Countdown Mt Wellington",2021-07-06,9,"Tuesday"
"948","Countdown Mt Wellington",2021-07-07,12,"Wednesday"
"949","Countdown Mt Wellington",2021-07-08,6,"Thursday"
"950","Countdown Mt Wellington",2021-07-09,9,"Friday"
"951","Countdown Mt Wellington",2021-07-10,2,"Saturday"
"952","Countdown Mt Wellington",2021-07-11,0,"Sunday"
"953","Countdown Newmarket",2021-06-14,7,"Monday"
"954","Countdown Newmarket",2021-06-15,6,"Tuesday"
"955","Countdown Newmarket",2021-06-16,11,"Wednesday"
"956","Countdown Newmarket",2021-06-17,6,"Thursday"
"957","Countdown Newmarket",2021-06-18,9,"Friday"
"958","Countdown Newmarket",2021-06-19,2,"Saturday"
"959","Countdown Newmarket",2021-06-20,0,"Sunday"
"960","Countdown Newmarket",2021-06-21,5,"Monday"
"961","Countdown Newmarket",2021-06-22,11,"Tuesday"
"962","Countdown Newmarket",2021-06-23,11,"Wednesday"
"963","Countdown Newmarket",2021-06-24,3,"Thursday"
"964","Countdown Newmarket",2021-06-25,12,"Friday"
"965","Countdown Newmarket",2021-06-26,4,"Saturday"
"966","Countdown Newmarket",2021-06-27,0,"Sunday"
"967","Countdown Newmarket",2021-06-28,4,"Monday"
"968","Countdown Newmarket",2021-06-29,5,"Tuesday"
"969","Countdown Newmarket",2021-06-30,6,"Wednesday"
"970","Countdown Newmarket",2021-07-01,11,"Thursday"
"971","Countdown Newmarket",2021-07-02,8,"Friday"
"972","Countdown Newmarket",2021-07-03,4,"Saturday"
"973","Countdown Newmarket",2021-07-04,0,"Sunday"
"974","Countdown Newmarket",2021-07-05,6,"Monday"
"975","Countdown Newmarket",2021-07-06,6,"Tuesday"
"976","Countdown Newmarket",2021-07-07,8,"Wednesday"
"977","Countdown Newmarket",2021-07-08,11,"Thursday"
"978","Countdown Newmarket",2021-07-09,4,"Friday"
"979","Countdown Newmarket",2021-07-10,3,"Saturday"
"980","Countdown Newmarket",2021-07-11,0,"Sunday"
"981","Countdown Northcote",2021-06-14,7,"Monday"
"982","Countdown Northcote",2021-06-15,6,"Tuesday"
"983","Countdown Northcote",2021-06-16,6,"Wednesday"
"984","Countdown Northcote",2021-06-17,6,"Thursday"
"985","Countdown Northcote",2021-06-18,10,"Friday"
"986","Countdown Northcote",2021-06-19,3,"Saturday"
"987","Countdown Northcote",2021-06-20,0,"Sunday"
"988","Countdown Northcote",2021-06-21,9,"Monday"
"989","Countdown Northcote",2021-06-22,6,"Tuesday"
"990","Countdown Northcote",2021-06-23,6,"Wednesday"
"991","Countdown Northcote",2021-06-24,11,"Thursday"
"992","Countdown Northcote",2021-06-25,9,"Friday"
"993","Countdown Northcote",2021-06-26,6,"Saturday"
"994","Countdown Northcote",2021-06-27,0,"Sunday"
"995","Countdown Northcote",2021-06-28,6,"Monday"
"996","Countdown Northcote",2021-06-29,5,"Tuesday"
"997","Countdown Northcote",2021-06-30,6,"Wednesday"
"998","Countdown Northcote",2021-07-01,6,"Thursday"
"999","Countdown Northcote",2021-07-02,9,"Friday"
"1000","Countdown Northcote",2021-07-03,3,"Saturday"
"1001","Countdown Northcote",2021-07-04,0,"Sunday"
"1002","Countdown Northcote",2021-07-05,7,"Monday"
"1003","Countdown Northcote",2021-07-06,9,"Tuesday"
"1004","Countdown Northcote",2021-07-07,7,"Wednesday"
"1005","Countdown Northcote",2021-07-08,8,"Thursday"
"1006","Countdown Northcote",2021-07-09,10,"Friday"
"1007","Countdown Northcote",2021-07-10,6,"Saturday"
"1008","Countdown Northcote",2021-07-11,0,"Sunday"
"1009","Countdown Northwest",2021-06-14,11,"Monday"
"1010","Countdown Northwest",2021-06-15,10,"Tuesday"
"1011","Countdown Northwest",2021-06-16,9,"Wednesday"
"1012","Countdown Northwest",2021-06-17,5,"Thursday"
"1013","Countdown Northwest",2021-06-18,9,"Friday"
"1014","Countdown Northwest",2021-06-19,2,"Saturday"
"1015","Countdown Northwest",2021-06-20,0,"Sunday"
"1016","Countdown Northwest",2021-06-21,8,"Monday"
"1017","Countdown Northwest",2021-06-22,9,"Tuesday"
"1018","Countdown Northwest",2021-06-23,7,"Wednesday"
"1019","Countdown Northwest",2021-06-24,6,"Thursday"
"1020","Countdown Northwest",2021-06-25,8,"Friday"
"1021","Countdown Northwest",2021-06-26,6,"Saturday"
"1022","Countdown Northwest",2021-06-27,0,"Sunday"
"1023","Countdown Northwest",2021-06-28,5,"Monday"
"1024","Countdown Northwest",2021-06-29,5,"Tuesday"
"1025","Countdown Northwest",2021-06-30,10,"Wednesday"
"1026","Countdown Northwest",2021-07-01,11,"Thursday"
"1027","Countdown Northwest",2021-07-02,9,"Friday"
"1028","Countdown Northwest",2021-07-03,2,"Saturday"
"1029","Countdown Northwest",2021-07-04,0,"Sunday"
"1030","Countdown Northwest",2021-07-05,6,"Monday"
"1031","Countdown Northwest",2021-07-06,8,"Tuesday"
"1032","Countdown Northwest",2021-07-07,5,"Wednesday"
"1033","Countdown Northwest",2021-07-08,11,"Thursday"
"1034","Countdown Northwest",2021-07-09,6,"Friday"
"1035","Countdown Northwest",2021-07-10,3,"Saturday"
"1036","Countdown Northwest",2021-07-11,0,"Sunday"
"1037","Countdown Onehunga",2021-06-14,7,"Monday"
"1038","Countdown Onehunga",2021-06-15,7,"Tuesday"
"1039","Countdown Onehunga",2021-06-16,7,"Wednesday"
"1040","Countdown Onehunga",2021-06-17,11,"Thursday"
"1041","Countdown Onehunga",2021-06-18,6,"Friday"
"1042","Countdown Onehunga",2021-06-19,6,"Saturday"
"1043","Countdown Onehunga",2021-06-20,0,"Sunday"
"1044","Countdown Onehunga",2021-06-21,4,"Monday"
"1045","Countdown Onehunga",2021-06-22,7,"Tuesday"
"1046","Countdown Onehunga",2021-06-23,8,"Wednesday"
"1047","Countdown Onehunga",2021-06-24,10,"Thursday"
"1048","Countdown Onehunga",2021-06-25,9,"Friday"
"1049","Countdown Onehunga",2021-06-26,3,"Saturday"
"1050","Countdown Onehunga",2021-06-27,0,"Sunday"
"1051","Countdown Onehunga",2021-06-28,4,"Monday"
"1052","Countdown Onehunga",2021-06-29,6,"Tuesday"
"1053","Countdown Onehunga",2021-06-30,7,"Wednesday"
"1054","Countdown Onehunga",2021-07-01,8,"Thursday"
"1055","Countdown Onehunga",2021-07-02,11,"Friday"
"1056","Countdown Onehunga",2021-07-03,2,"Saturday"
"1057","Countdown Onehunga",2021-07-04,0,"Sunday"
"1058","Countdown Onehunga",2021-07-05,12,"Monday"
"1059","Countdown Onehunga",2021-07-06,8,"Tuesday"
"1060","Countdown Onehunga",2021-07-07,6,"Wednesday"
"1061","Countdown Onehunga",2021-07-08,9,"Thursday"
"1062","Countdown Onehunga",2021-07-09,7,"Friday"
"1063","Countdown Onehunga",2021-07-10,4,"Saturday"
"1064","Countdown Onehunga",2021-07-11,0,"Sunday"
"1065","Countdown Pakuranga",2021-06-14,11,"Monday"
"1066","Countdown Pakuranga",2021-06-15,8,"Tuesday"
"1067","Countdown Pakuranga",2021-06-16,5,"Wednesday"
"1068","Countdown Pakuranga",2021-06-17,6,"Thursday"
"1069","Countdown Pakuranga",2021-06-18,7,"Friday"
"1070","Countdown Pakuranga",2021-06-19,2,"Saturday"
"1071","Countdown Pakuranga",2021-06-20,0,"Sunday"
"1072","Countdown Pakuranga",2021-06-21,8,"Monday"
"1073","Countdown Pakuranga",2021-06-22,5,"Tuesday"
"1074","Countdown Pakuranga",2021-06-23,8,"Wednesday"
"1075","Countdown Pakuranga",2021-06-24,7,"Thursday"
"1076","Countdown Pakuranga",2021-06-25,10,"Friday"
"1077","Countdown Pakuranga",2021-06-26,4,"Saturday"
"1078","Countdown Pakuranga",2021-06-27,0,"Sunday"
"1079","Countdown Pakuranga",2021-06-28,6,"Monday"
"1080","Countdown Pakuranga",2021-06-29,10,"Tuesday"
"1081","Countdown Pakuranga",2021-06-30,8,"Wednesday"
"1082","Countdown Pakuranga",2021-07-01,10,"Thursday"
"1083","Countdown Pakuranga",2021-07-02,4,"Friday"
"1084","Countdown Pakuranga",2021-07-03,3,"Saturday"
"1085","Countdown Pakuranga",2021-07-04,0,"Sunday"
"1086","Countdown Pakuranga",2021-07-05,10,"Monday"
"1087","Countdown Pakuranga",2021-07-06,8,"Tuesday"
"1088","Countdown Pakuranga",2021-07-07,8,"Wednesday"
"1089","Countdown Pakuranga",2021-07-08,4,"Thursday"
"1090","Countdown Pakuranga",2021-07-09,8,"Friday"
"1091","Countdown Pakuranga",2021-07-10,4,"Saturday"
"1092","Countdown Pakuranga",2021-07-11,0,"Sunday"
"1093","Countdown Papakura",2021-06-14,7,"Monday"
"1094","Countdown Papakura",2021-06-15,5,"Tuesday"
"1095","Countdown Papakura",2021-06-16,4,"Wednesday"
"1096","Countdown Papakura",2021-06-17,7,"Thursday"
"1097","Countdown Papakura",2021-06-18,5,"Friday"
"1098","Countdown Papakura",2021-06-19,3,"Saturday"
"1099","Countdown Papakura",2021-06-20,0,"Sunday"
"1100","Countdown Papakura",2021-06-21,8,"Monday"
"1101","Countdown Papakura",2021-06-22,6,"Tuesday"
"1102","Countdown Papakura",2021-06-23,6,"Wednesday"
"1103","Countdown Papakura",2021-06-24,5,"Thursday"
"1104","Countdown Papakura",2021-06-25,5,"Friday"
"1105","Countdown Papakura",2021-06-26,3,"Saturday"
"1106","Countdown Papakura",2021-06-27,0,"Sunday"
"1107","Countdown Papakura",2021-06-28,5,"Monday"
"1108","Countdown Papakura",2021-06-29,8,"Tuesday"
"1109","Countdown Papakura",2021-06-30,7,"Wednesday"
"1110","Countdown Papakura",2021-07-01,7,"Thursday"
"1111","Countdown Papakura",2021-07-02,7,"Friday"
"1112","Countdown Papakura",2021-07-03,6,"Saturday"
"1113","Countdown Papakura",2021-07-04,0,"Sunday"
"1114","Countdown Papakura",2021-07-05,11,"Monday"
"1115","Countdown Papakura",2021-07-06,8,"Tuesday"
"1116","Countdown Papakura",2021-07-07,13,"Wednesday"
"1117","Countdown Papakura",2021-07-08,10,"Thursday"
"1118","Countdown Papakura",2021-07-09,10,"Friday"
"1119","Countdown Papakura",2021-07-10,6,"Saturday"
"1120","Countdown Papakura",2021-07-11,0,"Sunday"
"1121","Countdown Papatoetoe",2021-06-14,9,"Monday"
"1122","Countdown Papatoetoe",2021-06-15,10,"Tuesday"
"1123","Countdown Papatoetoe",2021-06-16,8,"Wednesday"
"1124","Countdown Papatoetoe",2021-06-17,5,"Thursday"
"1125","Countdown Papatoetoe",2021-06-18,8,"Friday"
"1126","Countdown Papatoetoe",2021-06-19,3,"Saturday"
"1127","Countdown Papatoetoe",2021-06-20,0,"Sunday"
"1128","Countdown Papatoetoe",2021-06-21,9,"Monday"
"1129","Countdown Papatoetoe",2021-06-22,11,"Tuesday"
"1130","Countdown Papatoetoe",2021-06-23,8,"Wednesday"
"1131","Countdown Papatoetoe",2021-06-24,12,"Thursday"
"1132","Countdown Papatoetoe",2021-06-25,7,"Friday"
"1133","Countdown Papatoetoe",2021-06-26,2,"Saturday"
"1134","Countdown Papatoetoe",2021-06-27,0,"Sunday"
"1135","Countdown Papatoetoe",2021-06-28,7,"Monday"
"1136","Countdown Papatoetoe",2021-06-29,13,"Tuesday"
"1137","Countdown Papatoetoe",2021-06-30,8,"Wednesday"
"1138","Countdown Papatoetoe",2021-07-01,10,"Thursday"
"1139","Countdown Papatoetoe",2021-07-02,7,"Friday"
"1140","Countdown Papatoetoe",2021-07-03,4,"Saturday"
"1141","Countdown Papatoetoe",2021-07-04,0,"Sunday"
"1142","Countdown Papatoetoe",2021-07-05,6,"Monday"
"1143","Countdown Papatoetoe",2021-07-06,11,"Tuesday"
"1144","Countdown Papatoetoe",2021-07-07,7,"Wednesday"
"1145","Countdown Papatoetoe",2021-07-08,12,"Thursday"
"1146","Countdown Papatoetoe",2021-07-09,7,"Friday"
"1147","Countdown Papatoetoe",2021-07-10,2,"Saturday"
"1148","Countdown Papatoetoe",2021-07-11,0,"Sunday"
"1149","Countdown Ponsonby",2021-06-14,6,"Monday"
"1150","Countdown Ponsonby",2021-06-15,10,"Tuesday"
"1151","Countdown Ponsonby",2021-06-16,7,"Wednesday"
"1152","Countdown Ponsonby",2021-06-17,11,"Thursday"
"1153","Countdown Ponsonby",2021-06-18,12,"Friday"
"1154","Countdown Ponsonby",2021-06-19,3,"Saturday"
"1155","Countdown Ponsonby",2021-06-20,0,"Sunday"
"1156","Countdown Ponsonby",2021-06-21,8,"Monday"
"1157","Countdown Ponsonby",2021-06-22,3,"Tuesday"
"1158","Countdown Ponsonby",2021-06-23,11,"Wednesday"
"1159","Countdown Ponsonby",2021-06-24,11,"Thursday"
"1160","Countdown Ponsonby",2021-06-25,9,"Friday"
"1161","Countdown Ponsonby",2021-06-26,4,"Saturday"
"1162","Countdown Ponsonby",2021-06-27,0,"Sunday"
"1163","Countdown Ponsonby",2021-06-28,11,"Monday"
"1164","Countdown Ponsonby",2021-06-29,9,"Tuesday"
"1165","Countdown Ponsonby",2021-06-30,9,"Wednesday"
"1166","Countdown Ponsonby",2021-07-01,5,"Thursday"
"1167","Countdown Ponsonby",2021-07-02,10,"Friday"
"1168","Countdown Ponsonby",2021-07-03,4,"Saturday"
"1169","Countdown Ponsonby",2021-07-04,0,"Sunday"
"1170","Countdown Ponsonby",2021-07-05,13,"Monday"
"1171","Countdown Ponsonby",2021-07-06,5,"Tuesday"
"1172","Countdown Ponsonby",2021-07-07,6,"Wednesday"
"1173","Countdown Ponsonby",2021-07-08,6,"Thursday"
"1174","Countdown Ponsonby",2021-07-09,11,"Friday"
"1175","Countdown Ponsonby",2021-07-10,2,"Saturday"
"1176","Countdown Ponsonby",2021-07-11,0,"Sunday"
"1177","Countdown Pt Chevalier",2021-06-14,7,"Monday"
"1178","Countdown Pt Chevalier",2021-06-15,8,"Tuesday"
"1179","Countdown Pt Chevalier",2021-06-16,9,"Wednesday"
"1180","Countdown Pt Chevalier",2021-06-17,14,"Thursday"
"1181","Countdown Pt Chevalier",2021-06-18,7,"Friday"
"1182","Countdown Pt Chevalier",2021-06-19,3,"Saturday"
"1183","Countdown Pt Chevalier",2021-06-20,0,"Sunday"
"1184","Countdown Pt Chevalier",2021-06-21,8,"Monday"
"1185","Countdown Pt Chevalier",2021-06-22,11,"Tuesday"
"1186","Countdown Pt Chevalier",2021-06-23,11,"Wednesday"
"1187","Countdown Pt Chevalier",2021-06-24,8,"Thursday"
"1188","Countdown Pt Chevalier",2021-06-25,10,"Friday"
"1189","Countdown Pt Chevalier",2021-06-26,5,"Saturday"
"1190","Countdown Pt Chevalier",2021-06-27,0,"Sunday"
"1191","Countdown Pt Chevalier",2021-06-28,6,"Monday"
"1192","Countdown Pt Chevalier",2021-06-29,6,"Tuesday"
"1193","Countdown Pt Chevalier",2021-06-30,5,"Wednesday"
"1194","Countdown Pt Chevalier",2021-07-01,10,"Thursday"
"1195","Countdown Pt Chevalier",2021-07-02,6,"Friday"
"1196","Countdown Pt Chevalier",2021-07-03,5,"Saturday"
"1197","Countdown Pt Chevalier",2021-07-04,0,"Sunday"
"1198","Countdown Pt Chevalier",2021-07-05,8,"Monday"
"1199","Countdown Pt Chevalier",2021-07-06,5,"Tuesday"
"1200","Countdown Pt Chevalier",2021-07-07,8,"Wednesday"
"1201","Countdown Pt Chevalier",2021-07-08,8,"Thursday"
"1202","Countdown Pt Chevalier",2021-07-09,9,"Friday"
"1203","Countdown Pt Chevalier",2021-07-10,5,"Saturday"
"1204","Countdown Pt Chevalier",2021-07-11,0,"Sunday"
"1205","Countdown Roselands",2021-06-14,8,"Monday"
"1206","Countdown Roselands",2021-06-15,11,"Tuesday"
"1207","Countdown Roselands",2021-06-16,7,"Wednesday"
"1208","Countdown Roselands",2021-06-17,9,"Thursday"
"1209","Countdown Roselands",2021-06-18,8,"Friday"
"1210","Countdown Roselands",2021-06-19,6,"Saturday"
"1211","Countdown Roselands",2021-06-20,0,"Sunday"
"1212","Countdown Roselands",2021-06-21,4,"Monday"
"1213","Countdown Roselands",2021-06-22,8,"Tuesday"
"1214","Countdown Roselands",2021-06-23,7,"Wednesday"
"1215","Countdown Roselands",2021-06-24,13,"Thursday"
"1216","Countdown Roselands",2021-06-25,6,"Friday"
"1217","Countdown Roselands",2021-06-26,5,"Saturday"
"1218","Countdown Roselands",2021-06-27,0,"Sunday"
"1219","Countdown Roselands",2021-06-28,8,"Monday"
"1220","Countdown Roselands",2021-06-29,9,"Tuesday"
"1221","Countdown Roselands",2021-06-30,12,"Wednesday"
"1222","Countdown Roselands",2021-07-01,8,"Thursday"
"1223","Countdown Roselands",2021-07-02,8,"Friday"
"1224","Countdown Roselands",2021-07-03,3,"Saturday"
"1225","Countdown Roselands",2021-07-04,0,"Sunday"
"1226","Countdown Roselands",2021-07-05,7,"Monday"
"1227","Countdown Roselands",2021-07-06,10,"Tuesday"
"1228","Countdown Roselands",2021-07-07,11,"Wednesday"
"1229","Countdown Roselands",2021-07-08,7,"Thursday"
"1230","Countdown Roselands",2021-07-09,10,"Friday"
"1231","Countdown Roselands",2021-07-10,5,"Saturday"
"1232","Countdown Roselands",2021-07-11,0,"Sunday"
"1233","Countdown St Johns",2021-06-14,9,"Monday"
"1234","Countdown St Johns",2021-06-15,7,"Tuesday"
"1235","Countdown St Johns",2021-06-16,7,"Wednesday"
"1236","Countdown St Johns",2021-06-17,10,"Thursday"
"1237","Countdown St Johns",2021-06-18,6,"Friday"
"1238","Countdown St Johns",2021-06-19,5,"Saturday"
"1239","Countdown St Johns",2021-06-20,0,"Sunday"
"1240","Countdown St Johns",2021-06-21,10,"Monday"
"1241","Countdown St Johns",2021-06-22,7,"Tuesday"
"1242","Countdown St Johns",2021-06-23,7,"Wednesday"
"1243","Countdown St Johns",2021-06-24,7,"Thursday"
"1244","Countdown St Johns",2021-06-25,8,"Friday"
"1245","Countdown St Johns",2021-06-26,2,"Saturday"
"1246","Countdown St Johns",2021-06-27,0,"Sunday"
"1247","Countdown St Johns",2021-06-28,10,"Monday"
"1248","Countdown St Johns",2021-06-29,5,"Tuesday"
"1249","Countdown St Johns",2021-06-30,5,"Wednesday"
"1250","Countdown St Johns",2021-07-01,8,"Thursday"
"1251","Countdown St Johns",2021-07-02,8,"Friday"
"1252","Countdown St Johns",2021-07-03,3,"Saturday"
"1253","Countdown St Johns",2021-07-04,0,"Sunday"
"1254","Countdown St Johns",2021-07-05,5,"Monday"
"1255","Countdown St Johns",2021-07-06,7,"Tuesday"
"1256","Countdown St Johns",2021-07-07,4,"Wednesday"
"1257","Countdown St Johns",2021-07-08,10,"Thursday"
"1258","Countdown St Johns",2021-07-09,4,"Friday"
"1259","Countdown St Johns",2021-07-10,4,"Saturday"
"1260","Countdown St Johns",2021-07-11,0,"Sunday"
"1261","Countdown St Lukes",2021-06-14,10,"Monday"
"1262","Countdown St Lukes",2021-06-15,6,"Tuesday"
"1263","Countdown St Lukes",2021-06-16,6,"Wednesday"
"1264","Countdown St Lukes",2021-06-17,12,"Thursday"
"1265","Countdown St Lukes",2021-06-18,4,"Friday"
"1266","Countdown St Lukes",2021-06-19,2,"Saturday"
"1267","Countdown St Lukes",2021-06-20,0,"Sunday"
"1268","Countdown St Lukes",2021-06-21,5,"Monday"
"1269","Countdown St Lukes",2021-06-22,7,"Tuesday"
"1270","Countdown St Lukes",2021-06-23,6,"Wednesday"
"1271","Countdown St Lukes",2021-06-24,5,"Thursday"
"1272","Countdown St Lukes",2021-06-25,8,"Friday"
"1273","Countdown St Lukes",2021-06-26,4,"Saturday"
"1274","Countdown St Lukes",2021-06-27,0,"Sunday"
"1275","Countdown St Lukes",2021-06-28,5,"Monday"
"1276","Countdown St Lukes",2021-06-29,6,"Tuesday"
"1277","Countdown St Lukes",2021-06-30,13,"Wednesday"
"1278","Countdown St Lukes",2021-07-01,5,"Thursday"
"1279","Countdown St Lukes",2021-07-02,9,"Friday"
"1280","Countdown St Lukes",2021-07-03,2,"Saturday"
"1281","Countdown St Lukes",2021-07-04,0,"Sunday"
"1282","Countdown St Lukes",2021-07-05,7,"Monday"
"1283","Countdown St Lukes",2021-07-06,10,"Tuesday"
"1284","Countdown St Lukes",2021-07-07,5,"Wednesday"
"1285","Countdown St Lukes",2021-07-08,6,"Thursday"
"1286","Countdown St Lukes",2021-07-09,6,"Friday"
"1287","Countdown St Lukes",2021-07-10,4,"Saturday"
"1288","Countdown St Lukes",2021-07-11,0,"Sunday"
"1289","Countdown Sunnynook",2021-06-14,9,"Monday"
"1290","Countdown Sunnynook",2021-06-15,7,"Tuesday"
"1291","Countdown Sunnynook",2021-06-16,8,"Wednesday"
"1292","Countdown Sunnynook",2021-06-17,8,"Thursday"
"1293","Countdown Sunnynook",2021-06-18,7,"Friday"
"1294","Countdown Sunnynook",2021-06-19,2,"Saturday"
"1295","Countdown Sunnynook",2021-06-20,0,"Sunday"
"1296","Countdown Sunnynook",2021-06-21,8,"Monday"
"1297","Countdown Sunnynook",2021-06-22,9,"Tuesday"
"1298","Countdown Sunnynook",2021-06-23,9,"Wednesday"
"1299","Countdown Sunnynook",2021-06-24,12,"Thursday"
"1300","Countdown Sunnynook",2021-06-25,10,"Friday"
"1301","Countdown Sunnynook",2021-06-26,2,"Saturday"
"1302","Countdown Sunnynook",2021-06-27,0,"Sunday"
"1303","Countdown Sunnynook",2021-06-28,10,"Monday"
"1304","Countdown Sunnynook",2021-06-29,10,"Tuesday"
"1305","Countdown Sunnynook",2021-06-30,10,"Wednesday"
"1306","Countdown Sunnynook",2021-07-01,5,"Thursday"
"1307","Countdown Sunnynook",2021-07-02,10,"Friday"
"1308","Countdown Sunnynook",2021-07-03,5,"Saturday"
"1309","Countdown Sunnynook",2021-07-04,0,"Sunday"
"1310","Countdown Sunnynook",2021-07-05,6,"Monday"
"1311","Countdown Sunnynook",2021-07-06,11,"Tuesday"
"1312","Countdown Sunnynook",2021-07-07,6,"Wednesday"
"1313","Countdown Sunnynook",2021-07-08,6,"Thursday"
"1314","Countdown Sunnynook",2021-07-09,9,"Friday"
"1315","Countdown Sunnynook",2021-07-10,4,"Saturday"
"1316","Countdown Sunnynook",2021-07-11,0,"Sunday"
"1317","Countdown Sylvia Park",2021-06-14,7,"Monday"
"1318","Countdown Sylvia Park",2021-06-15,7,"Tuesday"
"1319","Countdown Sylvia Park",2021-06-16,8,"Wednesday"
"1320","Countdown Sylvia Park",2021-06-17,8,"Thursday"
"1321","Countdown Sylvia Park",2021-06-18,9,"Friday"
"1322","Countdown Sylvia Park",2021-06-19,2,"Saturday"
"1323","Countdown Sylvia Park",2021-06-20,0,"Sunday"
"1324","Countdown Sylvia Park",2021-06-21,10,"Monday"
"1325","Countdown Sylvia Park",2021-06-22,8,"Tuesday"
"1326","Countdown Sylvia Park",2021-06-23,5,"Wednesday"
"1327","Countdown Sylvia Park",2021-06-24,15,"Thursday"
"1328","Countdown Sylvia Park",2021-06-25,3,"Friday"
"1329","Countdown Sylvia Park",2021-06-26,2,"Saturday"
"1330","Countdown Sylvia Park",2021-06-27,0,"Sunday"
"1331","Countdown Sylvia Park",2021-06-28,11,"Monday"
"1332","Countdown Sylvia Park",2021-06-29,5,"Tuesday"
"1333","Countdown Sylvia Park",2021-06-30,5,"Wednesday"
"1334","Countdown Sylvia Park",2021-07-01,10,"Thursday"
"1335","Countdown Sylvia Park",2021-07-02,10,"Friday"
"1336","Countdown Sylvia Park",2021-07-03,5,"Saturday"
"1337","Countdown Sylvia Park",2021-07-04,0,"Sunday"
"1338","Countdown Sylvia Park",2021-07-05,7,"Monday"
"1339","Countdown Sylvia Park",2021-07-06,6,"Tuesday"
"1340","Countdown Sylvia Park",2021-07-07,12,"Wednesday"
"1341","Countdown Sylvia Park",2021-07-08,7,"Thursday"
"1342","Countdown Sylvia Park",2021-07-09,11,"Friday"
"1343","Countdown Sylvia Park",2021-07-10,5,"Saturday"
"1344","Countdown Sylvia Park",2021-07-11,0,"Sunday"
"1345","Countdown Takanini",2021-06-14,6,"Monday"
"1346","Countdown Takanini",2021-06-15,10,"Tuesday"
"1347","Countdown Takanini",2021-06-16,10,"Wednesday"
"1348","Countdown Takanini",2021-06-17,3,"Thursday"
"1349","Countdown Takanini",2021-06-18,15,"Friday"
"1350","Countdown Takanini",2021-06-19,5,"Saturday"
"1351","Countdown Takanini",2021-06-20,0,"Sunday"
"1352","Countdown Takanini",2021-06-21,8,"Monday"
"1353","Countdown Takanini",2021-06-22,10,"Tuesday"
"1354","Countdown Takanini",2021-06-23,8,"Wednesday"
"1355","Countdown Takanini",2021-06-24,9,"Thursday"
"1356","Countdown Takanini",2021-06-25,8,"Friday"
"1357","Countdown Takanini",2021-06-26,5,"Saturday"
"1358","Countdown Takanini",2021-06-27,0,"Sunday"
"1359","Countdown Takanini",2021-06-28,8,"Monday"
"1360","Countdown Takanini",2021-06-29,9,"Tuesday"
"1361","Countdown Takanini",2021-06-30,10,"Wednesday"
"1362","Countdown Takanini",2021-07-01,6,"Thursday"
"1363","Countdown Takanini",2021-07-02,10,"Friday"
"1364","Countdown Takanini",2021-07-03,5,"Saturday"
"1365","Countdown Takanini",2021-07-04,0,"Sunday"
"1366","Countdown Takanini",2021-07-05,5,"Monday"
"1367","Countdown Takanini",2021-07-06,6,"Tuesday"
"1368","Countdown Takanini",2021-07-07,5,"Wednesday"
"1369","Countdown Takanini",2021-07-08,9,"Thursday"
"1370","Countdown Takanini",2021-07-09,5,"Friday"
"1371","Countdown Takanini",2021-07-10,3,"Saturday"
"1372","Countdown Takanini",2021-07-11,0,"Sunday"
"1373","Countdown Takapuna",2021-06-14,5,"Monday"
"1374","Countdown Takapuna",2021-06-15,7,"Tuesday"
"1375","Countdown Takapuna",2021-06-16,4,"Wednesday"
"1376","Countdown Takapuna",2021-06-17,7,"Thursday"
"1377","Countdown Takapuna",2021-06-18,8,"Friday"
"1378","Countdown Takapuna",2021-06-19,2,"Saturday"
"1379","Countdown Takapuna",2021-06-20,0,"Sunday"
"1380","Countdown Takapuna",2021-06-21,8,"Monday"
"1381","Countdown Takapuna",2021-06-22,7,"Tuesday"
"1382","Countdown Takapuna",2021-06-23,5,"Wednesday"
"1383","Countdown Takapuna",2021-06-24,6,"Thursday"
"1384","Countdown Takapuna",2021-06-25,8,"Friday"
"1385","Countdown Takapuna",2021-06-26,2,"Saturday"
"1386","Countdown Takapuna",2021-06-27,0,"Sunday"
"1387","Countdown Takapuna",2021-06-28,8,"Monday"
"1388","Countdown Takapuna",2021-06-29,5,"Tuesday"
"1389","Countdown Takapuna",2021-06-30,9,"Wednesday"
"1390","Countdown Takapuna",2021-07-01,8,"Thursday"
"1391","Countdown Takapuna",2021-07-02,10,"Friday"
"1392","Countdown Takapuna",2021-07-03,4,"Saturday"
"1393","Countdown Takapuna",2021-07-04,0,"Sunday"
"1394","Countdown Takapuna",2021-07-05,10,"Monday"
"1395","Countdown Takapuna",2021-07-06,6,"Tuesday"
"1396","Countdown Takapuna",2021-07-07,13,"Wednesday"
"1397","Countdown Takapuna",2021-07-08,8,"Thursday"
"1398","Countdown Takapuna",2021-07-09,12,"Friday"
"1399","Countdown Takapuna",2021-07-10,2,"Saturday"
"1400","Countdown Takapuna",2021-07-11,0,"Sunday"
"1401","Countdown Te Atatu",2021-06-14,9,"Monday"
"1402","Countdown Te Atatu",2021-06-15,10,"Tuesday"
"1403","Countdown Te Atatu",2021-06-16,6,"Wednesday"
"1404","Countdown Te Atatu",2021-06-17,11,"Thursday"
"1405","Countdown Te Atatu",2021-06-18,4,"Friday"
"1406","Countdown Te Atatu",2021-06-19,2,"Saturday"
"1407","Countdown Te Atatu",2021-06-20,0,"Sunday"
"1408","Countdown Te Atatu",2021-06-21,12,"Monday"
"1409","Countdown Te Atatu",2021-06-22,4,"Tuesday"
"1410","Countdown Te Atatu",2021-06-23,6,"Wednesday"
"1411","Countdown Te Atatu",2021-06-24,6,"Thursday"
"1412","Countdown Te Atatu",2021-06-25,8,"Friday"
"1413","Countdown Te Atatu",2021-06-26,2,"Saturday"
"1414","Countdown Te Atatu",2021-06-27,0,"Sunday"
"1415","Countdown Te Atatu",2021-06-28,6,"Monday"
"1416","Countdown Te Atatu",2021-06-29,9,"Tuesday"
"1417","Countdown Te Atatu",2021-06-30,6,"Wednesday"
"1418","Countdown Te Atatu",2021-07-01,6,"Thursday"
"1419","Countdown Te Atatu",2021-07-02,8,"Friday"
"1420","Countdown Te Atatu",2021-07-03,5,"Saturday"
"1421","Countdown Te Atatu",2021-07-04,0,"Sunday"
"1422","Countdown Te Atatu",2021-07-05,8,"Monday"
"1423","Countdown Te Atatu",2021-07-06,8,"Tuesday"
"1424","Countdown Te Atatu",2021-07-07,5,"Wednesday"
"1425","Countdown Te Atatu",2021-07-08,8,"Thursday"
"1426","Countdown Te Atatu",2021-07-09,12,"Friday"
"1427","Countdown Te Atatu",2021-07-10,6,"Saturday"
"1428","Countdown Te Atatu",2021-07-11,0,"Sunday"
"1429","Countdown Te Atatu South",2021-06-14,8,"Monday"
"1430","Countdown Te Atatu South",2021-06-15,7,"Tuesday"
"1431","Countdown Te Atatu South",2021-06-16,11,"Wednesday"
"1432","Countdown Te Atatu South",2021-06-17,7,"Thursday"
"1433","Countdown Te Atatu South",2021-06-18,12,"Friday"
"1434","Countdown Te Atatu South",2021-06-19,5,"Saturday"
"1435","Countdown Te Atatu South",2021-06-20,0,"Sunday"
"1436","Countdown Te Atatu South",2021-06-21,9,"Monday"
"1437","Countdown Te Atatu South",2021-06-22,9,"Tuesday"
"1438","Countdown Te Atatu South",2021-06-23,7,"Wednesday"
"1439","Countdown Te Atatu South",2021-06-24,8,"Thursday"
"1440","Countdown Te Atatu South",2021-06-25,6,"Friday"
"1441","Countdown Te Atatu South",2021-06-26,4,"Saturday"
"1442","Countdown Te Atatu South",2021-06-27,0,"Sunday"
"1443","Countdown Te Atatu South",2021-06-28,6,"Monday"
"1444","Countdown Te Atatu South",2021-06-29,8,"Tuesday"
"1445","Countdown Te Atatu South",2021-06-30,9,"Wednesday"
"1446","Countdown Te Atatu South",2021-07-01,5,"Thursday"
"1447","Countdown Te Atatu South",2021-07-02,4,"Friday"
"1448","Countdown Te Atatu South",2021-07-03,2,"Saturday"
"1449","Countdown Te Atatu South",2021-07-04,0,"Sunday"
"1450","Countdown Te Atatu South",2021-07-05,9,"Monday"
"1451","Countdown Te Atatu South",2021-07-06,10,"Tuesday"
"1452","Countdown Te Atatu South",2021-07-07,5,"Wednesday"
"1453","Countdown Te Atatu South",2021-07-08,8,"Thursday"
"1454","Countdown Te Atatu South",2021-07-09,10,"Friday"
"1455","Countdown Te Atatu South",2021-07-10,3,"Saturday"
"1456","Countdown Te Atatu South",2021-07-11,0,"Sunday"
"1457","Countdown Three Kings",2021-06-14,10,"Monday"
"1458","Countdown Three Kings",2021-06-15,12,"Tuesday"
"1459","Countdown Three Kings",2021-06-16,11,"Wednesday"
"1460","Countdown Three Kings",2021-06-17,9,"Thursday"
"1461","Countdown Three Kings",2021-06-18,11,"Friday"
"1462","Countdown Three Kings",2021-06-19,2,"Saturday"
"1463","Countdown Three Kings",2021-06-20,0,"Sunday"
"1464","Countdown Three Kings",2021-06-21,9,"Monday"
"1465","Countdown Three Kings",2021-06-22,11,"Tuesday"
"1466","Countdown Three Kings",2021-06-23,8,"Wednesday"
"1467","Countdown Three Kings",2021-06-24,7,"Thursday"
"1468","Countdown Three Kings",2021-06-25,7,"Friday"
"1469","Countdown Three Kings",2021-06-26,4,"Saturday"
"1470","Countdown Three Kings",2021-06-27,0,"Sunday"
"1471","Countdown Three Kings",2021-06-28,13,"Monday"
"1472","Countdown Three Kings",2021-06-29,14,"Tuesday"
"1473","Countdown Three Kings",2021-06-30,7,"Wednesday"
"1474","Countdown Three Kings",2021-07-01,7,"Thursday"
"1475","Countdown Three Kings",2021-07-02,8,"Friday"
"1476","Countdown Three Kings",2021-07-03,4,"Saturday"
"1477","Countdown Three Kings",2021-07-04,0,"Sunday"
"1478","Countdown Three Kings",2021-07-05,6,"Monday"
"1479","Countdown Three Kings",2021-07-06,6,"Tuesday"
"1480","Countdown Three Kings",2021-07-07,7,"Wednesday"
"1481","Countdown Three Kings",2021-07-08,10,"Thursday"
"1482","Countdown Three Kings",2021-07-09,8,"Friday"
"1483","Countdown Three Kings",2021-07-10,6,"Saturday"
"1484","Countdown Three Kings",2021-07-11,0,"Sunday"
"1485","Countdown Victoria Street West",2021-06-14,15,"Monday"
"1486","Countdown Victoria Street West",2021-06-15,7,"Tuesday"
"1487","Countdown Victoria Street West",2021-06-16,8,"Wednesday"
"1488","Countdown Victoria Street West",2021-06-17,13,"Thursday"
"1489","Countdown Victoria Street West",2021-06-18,12,"Friday"
"1490","Countdown Victoria Street West",2021-06-19,5,"Saturday"
"1491","Countdown Victoria Street West",2021-06-20,0,"Sunday"
"1492","Countdown Victoria Street West",2021-06-21,4,"Monday"
"1493","Countdown Victoria Street West",2021-06-22,10,"Tuesday"
"1494","Countdown Victoria Street West",2021-06-23,9,"Wednesday"
"1495","Countdown Victoria Street West",2021-06-24,8,"Thursday"
"1496","Countdown Victoria Street West",2021-06-25,10,"Friday"
"1497","Countdown Victoria Street West",2021-06-26,5,"Saturday"
"1498","Countdown Victoria Street West",2021-06-27,0,"Sunday"
"1499","Countdown Victoria Street West",2021-06-28,14,"Monday"
"1500","Countdown Victoria Street West",2021-06-29,9,"Tuesday"
"1501","Countdown Victoria Street West",2021-06-30,10,"Wednesday"
"1502","Countdown Victoria Street West",2021-07-01,6,"Thursday"
"1503","Countdown Victoria Street West",2021-07-02,10,"Friday"
"1504","Countdown Victoria Street West",2021-07-03,2,"Saturday"
"1505","Countdown Victoria Street West",2021-07-04,0,"Sunday"
"1506","Countdown Victoria Street West",2021-07-05,8,"Monday"
"1507","Countdown Victoria Street West",2021-07-06,8,"Tuesday"
"1508","Countdown Victoria Street West",2021-07-07,8,"Wednesday"
"1509","Countdown Victoria Street West",2021-07-08,8,"Thursday"
"1510","Countdown Victoria Street West",2021-07-09,11,"Friday"
"1511","Countdown Victoria Street West",2021-07-10,4,"Saturday"
"1512","Countdown Victoria Street West",2021-07-11,0,"Sunday"
"1513","Countdown Westgate",2021-06-14,7,"Monday"
"1514","Countdown Westgate",2021-06-15,6,"Tuesday"
"1515","Countdown Westgate",2021-06-16,6,"Wednesday"
"1516","Countdown Westgate",2021-06-17,9,"Thursday"
"1517","Countdown Westgate",2021-06-18,5,"Friday"
"1518","Countdown Westgate",2021-06-19,5,"Saturday"
"1519","Countdown Westgate",2021-06-20,0,"Sunday"
"1520","Countdown Westgate",2021-06-21,6,"Monday"
"1521","Countdown Westgate",2021-06-22,10,"Tuesday"
"1522","Countdown Westgate",2021-06-23,13,"Wednesday"
"1523","Countdown Westgate",2021-06-24,7,"Thursday"
"1524","Countdown Westgate",2021-06-25,7,"Friday"
"1525","Countdown Westgate",2021-06-26,6,"Saturday"
"1526","Countdown Westgate",2021-06-27,0,"Sunday"
"1527","Countdown Westgate",2021-06-28,5,"Monday"
"1528","Countdown Westgate",2021-06-29,13,"Tuesday"
"1529","Countdown Westgate",2021-06-30,10,"Wednesday"
"1530","Countdown Westgate",2021-07-01,8,"Thursday"
"1531","Countdown Westgate",2021-07-02,8,"Friday"
"1532","Countdown Westgate",2021-07-03,5,"Saturday"
"1533","Countdown Westgate",2021-07-04,0,"Sunday"
"1534","Countdown Westgate",2021-07-05,11,"Monday"
"1535","Countdown Westgate",2021-07-06,8,"Tuesday"
"1536","Countdown Westgate",2021-07-07,9,"Wednesday"
"1537","Countdown Westgate",2021-07-08,8,"Thursday"
"1538","Countdown Westgate",2021-07-09,7,"Friday"
"1539","Countdown Westgate",2021-07-10,6,"Saturday"
"1540","Countdown Westgate",2021-07-11,0,"Sunday"
"1541","FreshChoice Glen Eden",2021-06-14,5,"Monday"
"1542","FreshChoice Glen Eden",2021-06-15,6,"Tuesday"
"1543","FreshChoice Glen Eden",2021-06-16,3,"Wednesday"
"1544","FreshChoice Glen Eden",2021-06-17,2,"Thursday"
"1545","FreshChoice Glen Eden",2021-06-18,4,"Friday"
"1546","FreshChoice Glen Eden",2021-06-19,0,"Saturday"
"1547","FreshChoice Glen Eden",2021-06-20,0,"Sunday"
"1548","FreshChoice Glen Eden",2021-06-21,5,"Monday"
"1549","FreshChoice Glen Eden",2021-06-22,4,"Tuesday"
"1550","FreshChoice Glen Eden",2021-06-23,3,"Wednesday"
"1551","FreshChoice Glen Eden",2021-06-24,5,"Thursday"
"1552","FreshChoice Glen Eden",2021-06-25,2,"Friday"
"1553","FreshChoice Glen Eden",2021-06-26,0,"Saturday"
"1554","FreshChoice Glen Eden",2021-06-27,0,"Sunday"
"1555","FreshChoice Glen Eden",2021-06-28,5,"Monday"
"1556","FreshChoice Glen Eden",2021-06-29,4,"Tuesday"
"1557","FreshChoice Glen Eden",2021-06-30,3,"Wednesday"
"1558","FreshChoice Glen Eden",2021-07-01,3,"Thursday"
"1559","FreshChoice Glen Eden",2021-07-02,4,"Friday"
"1560","FreshChoice Glen Eden",2021-07-03,0,"Saturday"
"1561","FreshChoice Glen Eden",2021-07-04,0,"Sunday"
"1562","FreshChoice Glen Eden",2021-07-05,3,"Monday"
"1563","FreshChoice Glen Eden",2021-07-06,5,"Tuesday"
"1564","FreshChoice Glen Eden",2021-07-07,8,"Wednesday"
"1565","FreshChoice Glen Eden",2021-07-08,5,"Thursday"
"1566","FreshChoice Glen Eden",2021-07-09,3,"Friday"
"1567","FreshChoice Glen Eden",2021-07-10,0,"Saturday"
"1568","FreshChoice Glen Eden",2021-07-11,0,"Sunday"
"1569","FreshChoice Half Moon Bay",2021-06-14,3,"Monday"
"1570","FreshChoice Half Moon Bay",2021-06-15,5,"Tuesday"
"1571","FreshChoice Half Moon Bay",2021-06-16,6,"Wednesday"
"1572","FreshChoice Half Moon Bay",2021-06-17,2,"Thursday"
"1573","FreshChoice Half Moon Bay",2021-06-18,4,"Friday"
"1574","FreshChoice Half Moon Bay",2021-06-19,0,"Saturday"
"1575","FreshChoice Half Moon Bay",2021-06-20,0,"Sunday"
"1576","FreshChoice Half Moon Bay",2021-06-21,3,"Monday"
"1577","FreshChoice Half Moon Bay",2021-06-22,8,"Tuesday"
"1578","FreshChoice Half Moon Bay",2021-06-23,5,"Wednesday"
"1579","FreshChoice Half Moon Bay",2021-06-24,4,"Thursday"
"1580","FreshChoice Half Moon Bay",2021-06-25,4,"Friday"
"1581","FreshChoice Half Moon Bay",2021-06-26,0,"Saturday"
"1582","FreshChoice Half Moon Bay",2021-06-27,0,"Sunday"
"1583","FreshChoice Half Moon Bay",2021-06-28,4,"Monday"
"1584","FreshChoice Half Moon Bay",2021-06-29,3,"Tuesday"
"1585","FreshChoice Half Moon Bay",2021-06-30,4,"Wednesday"
"1586","FreshChoice Half Moon Bay",2021-07-01,6,"Thursday"
"1587","FreshChoice Half Moon Bay",2021-07-02,5,"Friday"
"1588","FreshChoice Half Moon Bay",2021-07-03,0,"Saturday"
"1589","FreshChoice Half Moon Bay",2021-07-04,0,"Sunday"
"1590","FreshChoice Half Moon Bay",2021-07-05,6,"Monday"
"1591","FreshChoice Half Moon Bay",2021-07-06,5,"Tuesday"
"1592","FreshChoice Half Moon Bay",2021-07-07,4,"Wednesday"
"1593","FreshChoice Half Moon Bay",2021-07-08,8,"Thursday"
"1594","FreshChoice Half Moon Bay",2021-07-09,3,"Friday"
"1595","FreshChoice Half Moon Bay",2021-07-10,0,"Saturday"
"1596","FreshChoice Half Moon Bay",2021-07-11,0,"Sunday"
"1597","FreshChoice Mangere Bridge",2021-06-14,7,"Monday"
"1598","FreshChoice Mangere Bridge",2021-06-15,5,"Tuesday"
"1599","FreshChoice Mangere Bridge",2021-06-16,3,"Wednesday"
"1600","FreshChoice Mangere Bridge",2021-06-17,2,"Thursday"
"1601","FreshChoice Mangere Bridge",2021-06-18,5,"Friday"
"1602","FreshChoice Mangere Bridge",2021-06-19,0,"Saturday"
"1603","FreshChoice Mangere Bridge",2021-06-20,0,"Sunday"
"1604","FreshChoice Mangere Bridge",2021-06-21,4,"Monday"
"1605","FreshChoice Mangere Bridge",2021-06-22,6,"Tuesday"
"1606","FreshChoice Mangere Bridge",2021-06-23,4,"Wednesday"
"1607","FreshChoice Mangere Bridge",2021-06-24,6,"Thursday"
"1608","FreshChoice Mangere Bridge",2021-06-25,5,"Friday"
"1609","FreshChoice Mangere Bridge",2021-06-26,0,"Saturday"
"1610","FreshChoice Mangere Bridge",2021-06-27,0,"Sunday"
"1611","FreshChoice Mangere Bridge",2021-06-28,8,"Monday"
"1612","FreshChoice Mangere Bridge",2021-06-29,3,"Tuesday"
"1613","FreshChoice Mangere Bridge",2021-06-30,6,"Wednesday"
"1614","FreshChoice Mangere Bridge",2021-07-01,2,"Thursday"
"1615","FreshChoice Mangere Bridge",2021-07-02,6,"Friday"
"1616","FreshChoice Mangere Bridge",2021-07-03,0,"Saturday"
"1617","FreshChoice Mangere Bridge",2021-07-04,0,"Sunday"
"1618","FreshChoice Mangere Bridge",2021-07-05,5,"Monday"
"1619","FreshChoice Mangere Bridge",2021-07-06,3,"Tuesday"
"1620","FreshChoice Mangere Bridge",2021-07-07,7,"Wednesday"
"1621","FreshChoice Mangere Bridge",2021-07-08,2,"Thursday"
"1622","FreshChoice Mangere Bridge",2021-07-09,3,"Friday"
"1623","FreshChoice Mangere Bridge",2021-07-10,0,"Saturday"
"1624","FreshChoice Mangere Bridge",2021-07-11,0,"Sunday"
"1625","FreshChoice Otahuhu",2021-06-14,4,"Monday"
"1626","FreshChoice Otahuhu",2021-06-15,2,"Tuesday"
"1627","FreshChoice Otahuhu",2021-06-16,5,"Wednesday"
"1628","FreshChoice Otahuhu",2021-06-17,5,"Thursday"
"1629","FreshChoice Otahuhu",2021-06-18,5,"Friday"
"1630","FreshChoice Otahuhu",2021-06-19,0,"Saturday"
"1631","FreshChoice Otahuhu",2021-06-20,0,"Sunday"
"1632","FreshChoice Otahuhu",2021-06-21,4,"Monday"
"1633","FreshChoice Otahuhu",2021-06-22,2,"Tuesday"
"1634","FreshChoice Otahuhu",2021-06-23,4,"Wednesday"
"1635","FreshChoice Otahuhu",2021-06-24,3,"Thursday"
"1636","FreshChoice Otahuhu",2021-06-25,3,"Friday"
"1637","FreshChoice Otahuhu",2021-06-26,0,"Saturday"
"1638","FreshChoice Otahuhu",2021-06-27,0,"Sunday"
"1639","FreshChoice Otahuhu",2021-06-28,4,"Monday"
"1640","FreshChoice Otahuhu",2021-06-29,2,"Tuesday"
"1641","FreshChoice Otahuhu",2021-06-30,5,"Wednesday"
"1642","FreshChoice Otahuhu",2021-07-01,2,"Thursday"
"1643","FreshChoice Otahuhu",2021-07-02,5,"Friday"
"1644","FreshChoice Otahuhu",2021-07-03,0,"Saturday"
"1645","FreshChoice Otahuhu",2021-07-04,0,"Sunday"
"1646","FreshChoice Otahuhu",2021-07-05,5,"Monday"
"1647","FreshChoice Otahuhu",2021-07-06,4,"Tuesday"
"1648","FreshChoice Otahuhu",2021-07-07,3,"Wednesday"
"1649","FreshChoice Otahuhu",2021-07-08,5,"Thursday"
"1650","FreshChoice Otahuhu",2021-07-09,3,"Friday"
"1651","FreshChoice Otahuhu",2021-07-10,0,"Saturday"
"1652","FreshChoice Otahuhu",2021-07-11,0,"Sunday"
"1653","FreshChoice Ranui",2021-06-14,3,"Monday"
"1654","FreshChoice Ranui",2021-06-15,5,"Tuesday"
"1655","FreshChoice Ranui",2021-06-16,3,"Wednesday"
"1656","FreshChoice Ranui",2021-06-17,7,"Thursday"
"1657","FreshChoice Ranui",2021-06-18,5,"Friday"
"1658","FreshChoice Ranui",2021-06-19,0,"Saturday"
"1659","FreshChoice Ranui",2021-06-20,0,"Sunday"
"1660","FreshChoice Ranui",2021-06-21,4,"Monday"
"1661","FreshChoice Ranui",2021-06-22,4,"Tuesday"
"1662","FreshChoice Ranui",2021-06-23,6,"Wednesday"
"1663","FreshChoice Ranui",2021-06-24,5,"Thursday"
"1664","FreshChoice Ranui",2021-06-25,5,"Friday"
"1665","FreshChoice Ranui",2021-06-26,0,"Saturday"
"1666","FreshChoice Ranui",2021-06-27,0,"Sunday"
"1667","FreshChoice Ranui",2021-06-28,3,"Monday"
"1668","FreshChoice Ranui",2021-06-29,4,"Tuesday"
"1669","FreshChoice Ranui",2021-06-30,5,"Wednesday"
"1670","FreshChoice Ranui",2021-07-01,5,"Thursday"
"1671","FreshChoice Ranui",2021-07-02,2,"Friday"
"1672","FreshChoice Ranui",2021-07-03,0,"Saturday"
"1673","FreshChoice Ranui",2021-07-04,0,"Sunday"
"1674","FreshChoice Ranui",2021-07-05,4,"Monday"
"1675","FreshChoice Ranui",2021-07-06,7,"Tuesday"
"1676","FreshChoice Ranui",2021-07-07,6,"Wednesday"
"1677","FreshChoice Ranui",2021-07-08,8,"Thursday"
"1678","FreshChoice Ranui",2021-07-09,4,"Friday"
"1679","FreshChoice Ranui",2021-07-10,0,"Saturday"
"1680","FreshChoice Ranui",2021-07-11,0,"Sunday"
"1681","SuperValue Avondale",2021-06-14,3,"Monday"
"1682","SuperValue Avondale",2021-06-15,2,"Tuesday"
"1683","SuperValue Avondale",2021-06-16,6,"Wednesday"
"1684","SuperValue Avondale",2021-06-17,6,"Thursday"
"1685","SuperValue Avondale",2021-06-18,4,"Friday"
"1686","SuperValue Avondale",2021-06-19,0,"Saturday"
"1687","SuperValue Avondale",2021-06-20,0,"Sunday"
"1688","SuperValue Avondale",2021-06-21,3,"Monday"
"1689","SuperValue Avondale",2021-06-22,8,"Tuesday"
"1690","SuperValue Avondale",2021-06-23,5,"Wednesday"
"1691","SuperValue Avondale",2021-06-24,3,"Thursday"
"1692","SuperValue Avondale",2021-06-25,3,"Friday"
"1693","SuperValue Avondale",2021-06-26,0,"Saturday"
"1694","SuperValue Avondale",2021-06-27,0,"Sunday"
"1695","SuperValue Avondale",2021-06-28,4,"Monday"
"1696","SuperValue Avondale",2021-06-29,5,"Tuesday"
"1697","SuperValue Avondale",2021-06-30,2,"Wednesday"
"1698","SuperValue Avondale",2021-07-01,5,"Thursday"
"1699","SuperValue Avondale",2021-07-02,5,"Friday"
"1700","SuperValue Avondale",2021-07-03,0,"Saturday"
"1701","SuperValue Avondale",2021-07-04,0,"Sunday"
"1702","SuperValue Avondale",2021-07-05,5,"Monday"
"1703","SuperValue Avondale",2021-07-06,5,"Tuesday"
"1704","SuperValue Avondale",2021-07-07,5,"Wednesday"
"1705","SuperValue Avondale",2021-07-08,5,"Thursday"
"1706","SuperValue Avondale",2021-07-09,5,"Friday"
"1707","SuperValue Avondale",2021-07-10,0,"Saturday"
"1708","SuperValue Avondale",2021-07-11,0,"Sunday"
"1709","SuperValue Flatbush",2021-06-14,6,"Monday"
"1710","SuperValue Flatbush",2021-06-15,7,"Tuesday"
"1711","SuperValue Flatbush",2021-06-16,4,"Wednesday"
"1712","SuperValue Flatbush",2021-06-17,3,"Thursday"
"1713","SuperValue Flatbush",2021-06-18,5,"Friday"
"1714","SuperValue Flatbush",2021-06-19,0,"Saturday"
"1715","SuperValue Flatbush",2021-06-20,0,"Sunday"
"1716","SuperValue Flatbush",2021-06-21,4,"Monday"
"1717","SuperValue Flatbush",2021-06-22,6,"Tuesday"
"1718","SuperValue Flatbush",2021-06-23,4,"Wednesday"
"1719","SuperValue Flatbush",2021-06-24,3,"Thursday"
"1720","SuperValue Flatbush",2021-06-25,7,"Friday"
"1721","SuperValue Flatbush",2021-06-26,0,"Saturday"
"1722","SuperValue Flatbush",2021-06-27,0,"Sunday"
"1723","SuperValue Flatbush",2021-06-28,7,"Monday"
"1724","SuperValue Flatbush",2021-06-29,5,"Tuesday"
"1725","SuperValue Flatbush",2021-06-30,3,"Wednesday"
"1726","SuperValue Flatbush",2021-07-01,5,"Thursday"
"1727","SuperValue Flatbush",2021-07-02,3,"Friday"
"1728","SuperValue Flatbush",2021-07-03,0,"Saturday"
"1729","SuperValue Flatbush",2021-07-04,0,"Sunday"
"1730","SuperValue Flatbush",2021-07-05,5,"Monday"
"1731","SuperValue Flatbush",2021-07-06,4,"Tuesday"
"1732","SuperValue Flatbush",2021-07-07,5,"Wednesday"
"1733","SuperValue Flatbush",2021-07-08,4,"Thursday"
"1734","SuperValue Flatbush",2021-07-09,3,"Friday"
"1735","SuperValue Flatbush",2021-07-10,0,"Saturday"
"1736","SuperValue Flatbush",2021-07-11,0,"Sunday"
"1737","SuperValue Palomino",2021-06-14,4,"Monday"
"1738","SuperValue Palomino",2021-06-15,2,"Tuesday"
"1739","SuperValue Palomino",2021-06-16,2,"Wednesday"
"1740","SuperValue Palomino",2021-06-17,6,"Thursday"
"1741","SuperValue Palomino",2021-06-18,3,"Friday"
"1742","SuperValue Palomino",2021-06-19,0,"Saturday"
"1743","SuperValue Palomino",2021-06-20,0,"Sunday"
"1744","SuperValue Palomino",2021-06-21,7,"Monday"
"1745","SuperValue Palomino",2021-06-22,6,"Tuesday"
"1746","SuperValue Palomino",2021-06-23,6,"Wednesday"
"1747","SuperValue Palomino",2021-06-24,5,"Thursday"
"1748","SuperValue Palomino",2021-06-25,4,"Friday"
"1749","SuperValue Palomino",2021-06-26,0,"Saturday"
"1750","SuperValue Palomino",2021-06-27,0,"Sunday"
"1751","SuperValue Palomino",2021-06-28,6,"Monday"
"1752","SuperValue Palomino",2021-06-29,4,"Tuesday"
"1753","SuperValue Palomino",2021-06-30,3,"Wednesday"
"1754","SuperValue Palomino",2021-07-01,5,"Thursday"
"1755","SuperValue Palomino",2021-07-02,5,"Friday"
"1756","SuperValue Palomino",2021-07-03,0,"Saturday"
"1757","SuperValue Palomino",2021-07-04,0,"Sunday"
"1758","SuperValue Palomino",2021-07-05,5,"Monday"
"1759","SuperValue Palomino",2021-07-06,5,"Tuesday"
"1760","SuperValue Palomino",2021-07-07,5,"Wednesday"
"1761","SuperValue Palomino",2021-07-08,7,"Thursday"
"1762","SuperValue Palomino",2021-07-09,7,"Friday"
"1763","SuperValue Palomino",2021-07-10,0,"Saturday"
"1764","SuperValue Palomino",2021-07-11,0,"Sunday"
"1765","SuperValue Papakura",2021-06-14,4,"Monday"
"1766","SuperValue Papakura",2021-06-15,6,"Tuesday"
"1767","SuperValue Papakura",2021-06-16,4,"Wednesday"
"1768","SuperValue Papakura",2021-06-17,5,"Thursday"
"1769","SuperValue Papakura",2021-06-18,5,"Friday"
"1770","SuperValue Papakura",2021-06-19,0,"Saturday"
"1771","SuperValue Papakura",2021-06-20,0,"Sunday"
"1772","SuperValue Papakura",2021-06-21,7,"Monday"
"1773","SuperValue Papakura",2021-06-22,4,"Tuesday"
"1774","SuperValue Papakura",2021-06-23,3,"Wednesday"
"1775","SuperValue Papakura",2021-06-24,6,"Thursday"
"1776","SuperValue Papakura",2021-06-25,3,"Friday"
"1777","SuperValue Papakura",2021-06-26,0,"Saturday"
"1778","SuperValue Papakura",2021-06-27,0,"Sunday"
"1779","SuperValue Papakura",2021-06-28,3,"Monday"
"1780","SuperValue Papakura",2021-06-29,4,"Tuesday"
"1781","SuperValue Papakura",2021-06-30,6,"Wednesday"
"1782","SuperValue Papakura",2021-07-01,2,"Thursday"
"1783","SuperValue Papakura",2021-07-02,6,"Friday"
"1784","SuperValue Papakura",2021-07-03,0,"Saturday"
"1785","SuperValue Papakura",2021-07-04,0,"Sunday"
"1786","SuperValue Papakura",2021-07-05,6,"Monday"
"1787","SuperValue Papakura",2021-07-06,6,"Tuesday"
"1788","SuperValue Papakura",2021-07-07,6,"Wednesday"
"1789","SuperValue Papakura",2021-07-08,3,"Thursday"
"1790","SuperValue Papakura",2021-07-09,6,"Friday"
"1791","SuperValue Papakura",2021-07-10,0,"Saturday"
"1792","SuperValue Papakura",2021-07-11,0,"Sunday"
"1793","SuperValue Titirangi",2021-06-14,3,"Monday"
"1794","SuperValue Titirangi",2021-06-15,3,"Tuesday"
"1795","SuperValue Titirangi",2021-06-16,4,"Wednesday"
"1796","SuperValue Titirangi",2021-06-17,3,"Thursday"
"1797","SuperValue Titirangi",2021-06-18,4,"Friday"
"1798","SuperValue Titirangi",2021-06-19,0,"Saturday"
"1799","SuperValue Titirangi",2021-06-20,0,"Sunday"
"1800","SuperValue Titirangi",2021-06-21,7,"Monday"
"1801","SuperValue Titirangi",2021-06-22,4,"Tuesday"
"1802","SuperValue Titirangi",2021-06-23,2,"Wednesday"
"1803","SuperValue Titirangi",2021-06-24,5,"Thursday"
"1804","SuperValue Titirangi",2021-06-25,6,"Friday"
"1805","SuperValue Titirangi",2021-06-26,0,"Saturday"
"1806","SuperValue Titirangi",2021-06-27,0,"Sunday"
"1807","SuperValue Titirangi",2021-06-28,2,"Monday"
"1808","SuperValue Titirangi",2021-06-29,6,"Tuesday"
"1809","SuperValue Titirangi",2021-06-30,6,"Wednesday"
"1810","SuperValue Titirangi",2021-07-01,3,"Thursday"
"1811","SuperValue Titirangi",2021-07-02,3,"Friday"
"1812","SuperValue Titirangi",2021-07-03,0,"Saturday"
"1813","SuperValue Titirangi",2021-07-04,0,"Sunday"
"1814","SuperValue Titirangi",2021-07-05,3,"Monday"
"1815","SuperValue Titirangi",2021-07-06,4,"Tuesday"
"1816","SuperValue Titirangi",2021-07-07,7,"Wednesday"
"1817","SuperValue Titirangi",2021-07-08,7,"Thursday"
"1818","SuperValue Titirangi",2021-07-09,5,"Friday"
"1819","SuperValue Titirangi",2021-07-10,0,"Saturday"
"1820","SuperValue Titirangi",2021-07-11,0,"Sunday"
